Date,Open,Close,High,Low,Volume,Typical_Price,lrets
2016-01-04,656.289978,636.98999,657.719971,627.51001,9314500,640.7399903333334,
2016-01-05,646.859985,633.789978,646.909973,627.650024,5822600,636.1166583333334,-0.5036306590344708
2016-01-06,622.0,632.650024,639.789978,620.309998,5329200,630.9166666666666,-0.1800250001694259
2016-01-07,621.799988,607.940002,630.0,605.210022,7074900,614.3833413333333,-3.984118839510753
2016-01-08,619.659973,607.049988,624.140015,606.0,5512900,612.3966676666666,-0.14650559535773766
2016-01-11,612.47998,617.73999,619.849976,598.570007,4891600,612.0533243333333,1.7456500549173803
2016-01-12,625.25,617.890015,625.98999,612.23999,4724100,618.706665,0.024283159219162798
2016-01-13,620.880005,581.809998,620.880005,579.159973,7655200,593.949992,-6.016654185065384
2016-01-14,580.25,593.0,602.25,569.880005,7238000,588.3766683333333,1.9050468484759442
2016-01-15,572.23999,570.179993,584.619995,565.299988,7784500,573.3666586666667,-3.9242310823271787
2016-01-19,577.090027,574.47998,584.0,566.450012,4807200,574.9766639999999,0.751316081351483
2016-01-20,564.359985,571.77002,578.450012,547.179993,7966400,565.8000083333333,-0.4728401394207715
2016-01-21,573.580017,575.02002,588.809998,568.219971,4952200,577.3499963333334,0.5668009988782252
2016-01-22,588.72998,596.380005,600.099976,584.109985,5120100,593.5299886666667,3.647319858908382
2016-01-25,597.98999,596.530029,608.5,594.559998,4396100,599.8633423333333,0.025152609419887284
2016-01-26,603.450012,601.25,604.5,590.380005,3765700,598.7100016666667,0.7881239154144737
2016-01-27,601.98999,583.349976,603.390015,578.780029,5152900,588.5066733333333,-3.0223513291787185
2016-01-28,608.369995,635.349976,638.059998,597.549988,14015200,623.6533206666667,8.538868224790441
2016-01-29,571.97998,587.0,593.0,570.0,14677600,583.3333333333334,-7.915117054799126
2016-02-01,578.150024,574.809998,581.799988,570.309998,6355100,575.6399946666667,-2.0985271898368296
2016-02-02,570.0,552.099976,571.559998,550.090027,6312000,557.916667,-4.0310402110116605
2016-02-03,553.5,531.070007,556.0,521.900024,10048700,536.3233436666667,-3.883529334312197
2016-02-04,525.0,536.26001,538.98999,519.219971,6199100,531.4899903333334,0.9725284258183642
2016-02-05,529.280029,502.130005,529.450012,499.190002,9708900,510.25667300000003,-6.576007646736315
2016-02-08,486.470001,488.100006,493.5,475.209991,9825500,485.6033323333333,-2.833874508164591
2016-02-09,478.01001,482.070007,498.380005,474.0,7077900,484.81667066666665,-1.2430968943180076
2016-02-10,491.76001,490.480011,504.660004,486.0,6786200,493.7133383333333,1.729517963895777
2016-02-11,491.170013,503.820007,509.299988,484.0,7397400,499.03999833333336,2.6834549435935884
2016-02-12,510.700012,507.079987,516.75,501.48999,5384800,508.43999233333335,0.644968111616695
2016-02-16,519.47998,521.099976,524.450012,511.660004,5118500,519.0699973333334,2.727315942520381
2016-02-17,528.73999,534.099976,537.47998,519.390015,4824000,530.3233236666666,2.4641126551569137
2016-02-18,541.190002,525.0,541.200012,523.72998,4735000,529.9766639999999,-1.7184779818694373
2016-02-19,520.710022,534.900024,535.950012,515.349976,4974700,528.7333373333333,1.8681595813779595
2016-02-22,542.200012,559.5,560.650024,541.080017,5566600,553.743347,4.496366934657647
2016-02-23,555.549988,552.940002,556.909973,545.330017,4050800,551.726664,-1.179402759490955
2016-02-24,545.75,554.039978,554.27002,533.150024,6231700,547.1533406666666,0.19873464415027797
2016-02-25,555.52002,555.150024,559.390015,545.289978,4525500,553.2766723333333,0.2001544133260147
2016-02-26,560.119995,555.22998,562.5,553.169983,4877000,556.9666543333333,0.014401556197007892
2016-02-29,554.0,552.52002,564.809998,552.51001,4145400,556.6133426666667,-0.4892738264260288
2016-03-01,556.289978,579.039978,579.25,556.0,5038500,571.4299926666666,4.688185379196774
2016-03-02,581.75,580.210022,585.0,573.700012,4582200,579.636678,0.20186230706258357
2016-03-03,577.960022,577.48999,579.869995,573.109985,2741300,576.8233233333334,-0.469903597974497
2016-03-04,581.070007,575.140015,581.400024,571.070007,3416500,575.8700153333333,-0.40775934095869104
2016-03-07,573.539978,562.799988,573.630005,555.549988,4926900,563.993327,-2.168921158453241
2016-03-08,557.869995,560.26001,571.349976,554.73999,4730000,562.1166586666667,-0.45233243731992445
2016-03-09,559.559998,559.469971,560.349976,550.130005,4377300,556.649984,-0.14111243683814223
2016-03-10,566.73999,558.929993,567.0,547.900024,3919900,557.943339,-0.09656260002488537
2016-03-11,566.950012,569.609985,570.059998,562.72998,3771300,567.4666543333333,1.8927660613183406
2016-03-14,567.0,573.369995,576.890015,563.049988,3454200,571.1033326666667,0.6579334072825738
2016-03-15,571.0,577.02002,581.52002,567.0,3876800,575.1800133333332,0.6345738750836993
2016-03-16,576.640015,574.27002,581.320007,571.140015,3537700,575.5766806666667,-0.4777258787170169
2016-03-17,569.51001,559.440002,571.400024,555.01001,5928100,561.950012,-2.6163416855503385
2016-03-18,560.940002,552.080017,562.330017,546.090027,7296900,553.5000203333333,-1.324329286563053
2016-03-21,548.909973,553.97998,555.23999,538.580017,5155700,549.2666623333333,0.34355548052200646
2016-03-22,545.109985,560.47998,562.76001,545.049988,4000600,556.0966593333333,1.1664974855271737
2016-03-23,561.0,569.630005,572.47998,558.099976,3983700,566.7366536666667,1.6193512262304033
2016-03-24,567.109985,582.950012,583.549988,567.080017,5185500,577.8600056666667,2.3114403936475902
2016-03-28,584.400024,579.869995,584.75,575.559998,3121500,580.0599976666666,-0.5297508100108317
2016-03-29,580.150024,593.859985,595.849976,576.5,4392600,588.7366536666667,2.383964422501972
2016-03-30,596.710022,598.690002,603.23999,595.0,3890500,598.976664,0.8100362187082766
2016-03-31,599.280029,593.640015,600.75,592.210022,2681800,595.5333456666666,-0.8470837980794066
2016-04-01,590.48999,598.5,599.030029,588.299988,2917400,595.2766723333333,0.8153424702570966
2016-04-04,599.0,593.190002,599.5,590.549988,2470800,594.41333,-0.8911769225578681
2016-04-05,590.77002,586.140015,593.469971,585.25,2308900,588.286662,-1.1956061288387332
2016-04-06,587.52002,602.080017,602.390015,587.5,2849900,597.323344,2.683166059651576
2016-04-07,598.76001,591.429993,599.599976,589.080017,3189000,593.3699953333333,-1.7847033696230419
2016-04-08,594.320007,594.599976,597.859985,589.0,2591900,593.819987,0.5345548816380052
2016-04-11,596.140015,595.929993,604.0,594.909973,2704300,598.2799886666667,0.22343285560957327
2016-04-12,598.400024,603.169983,604.059998,592.309998,2641100,599.8466596666666,1.2075853767673728
2016-04-13,607.679993,614.820007,616.809998,605.289978,4228300,612.306661,1.913050090063173
2016-04-14,615.070007,620.75,624.380005,615.070007,3512100,620.0666706666667,0.9598870963148265
2016-04-15,621.919983,625.890015,626.77002,618.109985,2887700,623.5900066666667,0.8246236387488004
2016-04-18,625.349976,635.349976,637.640015,624.960022,4360900,632.6500043333333,1.5001329600323743
2016-04-19,637.140015,627.900024,638.01001,620.799988,4055900,628.9033406666666,-1.1795034033378116
2016-04-20,630.0,632.98999,636.549988,623.0,2609400,630.8466593333334,0.8073652090332395
2016-04-21,631.0,631.0,637.820007,628.5,2596300,632.4400023333334,-0.3148745891829563
2016-04-22,624.469971,620.5,628.25,611.559998,5083900,620.1033326666667,-1.678025789655102
2016-04-25,616.609985,626.200012,626.97998,616.25,2682900,623.1433306666667,0.9144223410849861
2016-04-26,626.169983,616.880005,626.75,614.880005,2521400,619.5033366666667,-1.4995304425502454
2016-04-27,611.799988,606.570007,615.950012,601.280029,4068800,607.9333493333334,-1.685437404238943
2016-04-28,615.539978,602.0,626.799988,599.200012,7872600,609.3333333333334,-0.7562704278798904
2016-04-29,666.0,659.590027,669.97998,654.0,10310700,661.1900023333334,9.136102549276082
2016-05-02,663.919983,683.849976,685.5,662.030029,6578500,677.1266683333333,3.6120089430561997
2016-05-03,677.359985,671.320007,680.299988,670.429993,4923400,674.0166626666667,-1.8492626364946751
2016-05-04,662.590027,670.900024,674.0,662.140015,4635500,669.0133463333333,-0.06258035255122252
2016-05-05,673.309998,659.090027,676.48999,656.0,4884100,663.8600056666667,-1.7759993637057825
2016-05-06,656.049988,673.950012,676.950012,656.01001,4365300,668.9700113333333,2.22958052851272
2016-05-09,673.950012,679.75,686.97998,671.409973,3982200,679.3799843333333,0.8569141522825952
2016-05-10,694.0,703.070007,704.549988,693.5,6105600,700.3733316666667,3.3731386554799236
2016-05-11,705.789978,713.22998,719.0,701.650024,7338200,711.2933346666667,1.4347450932682193
2016-05-12,717.380005,717.929993,722.450012,711.51001,5048200,717.2966716666666,0.6568140508941944
2016-05-13,714.640015,709.919983,719.25,706.51001,4763400,711.8933309999999,-1.1219797824764122
2016-05-16,710.130005,710.659973,713.25,700.280029,5432900,708.063334,0.10418140334937931
2016-05-17,709.900024,695.27002,714.469971,693.909973,5121400,701.2166546666667,-2.189378962089883
2016-05-18,689.559998,697.450012,702.539978,688.76001,4283200,696.25,0.31305556469440887
2016-05-19,691.880005,698.52002,699.400024,689.559998,3025600,695.8266806666667,0.15329959598302523
2016-05-20,701.049988,702.799988,707.23999,700.0,2916200,703.3466593333333,0.6108499534774658
2016-05-23,704.25,696.75,706.0,696.419983,2595100,699.7233276666666,-0.8645672876325783
2016-05-24,698.01001,704.200012,707.5,698.0,3033800,703.2333373333335,1.0635757399508172
2016-05-25,708.0,708.349976,710.859985,705.52002,3267700,708.243327,0.5875864182238288
2016-05-26,708.330017,714.909973,715.0,707.289978,2446700,712.3999836666667,0.9218334934524286
2016-05-27,715.0,712.23999,716.599976,711.099976,2249200,713.313314,-0.37417036531239845
2016-05-31,712.330017,722.789978,724.22998,711.320007,3618300,719.4466550000001,1.4703773873775638
2016-06-01,720.900024,719.440002,726.429993,718.219971,3263100,721.363322,-0.46455587127800513
2016-06-02,720.969971,728.23999,728.280029,715.5,3026600,724.006673,1.2157516079096986
2016-06-03,726.73999,725.539978,727.0,718.429993,3367300,723.656657,-0.37144755930658135
2016-06-06,726.5,726.72998,731.5,724.419983,2704800,727.5499876666667,0.16388168876986242
2016-06-07,729.890015,723.73999,730.0,720.549988,2732500,724.7633259999999,-0.41227937110299706
2016-06-08,726.400024,726.640015,729.419983,721.599976,2223400,725.886658,0.39989917880172143
2016-06-09,723.099976,727.650024,728.909973,722.299988,2170300,726.2866616666666,0.13890065053079326
2016-06-10,722.349976,717.909973,724.97998,714.210022,3425700,719.033325,-1.3476020949328316
2016-06-13,714.01001,715.23999,721.98999,711.159973,3352200,716.1299843333333,-0.37260386672155477
2016-06-14,712.330017,719.299988,720.809998,712.27002,2506900,717.4600020000001,0.5660363464743412
2016-06-15,722.0,714.26001,722.559998,713.349976,2709400,716.723328,-0.7031444477012094
2016-06-16,712.049988,717.51001,718.0,705.299988,3098000,713.6033326666666,0.4539843042558722
2016-06-17,718.190002,706.390015,718.200012,699.179993,5897800,707.9233399999999,-1.561938461708401
2016-06-20,713.5,714.01001,721.309998,710.809998,3677200,715.3766686666667,1.0729467710266505
2016-06-21,715.719971,715.820007,718.400024,712.719971,2137500,715.6466673333334,0.2531766637007493
2016-06-22,716.580017,710.599976,717.0,707.570007,2260500,711.7233276666666,-0.7319098673510105
2016-06-23,715.5,722.080017,722.119995,712.5,2825000,718.9000040000001,1.602630980913755
2016-06-24,693.0,698.960022,712.530029,692.200012,7632500,701.230021,-3.254241215661491
2016-06-27,692.01001,691.359985,696.820007,682.119995,5568000,690.0999956666668,-1.0932896977917217
2016-06-28,700.0,707.950012,708.0,698.169983,4037000,704.706665,2.371283619407283
2016-06-29,715.75,715.599976,719.5,713.539978,3070100,716.2133180000001,1.0747831414945175
2016-06-30,717.200012,715.619995,719.369995,712.539978,2855100,715.8433226666666,0.002797473540994133
2016-07-01,717.320007,725.679993,728.0,716.539978,2920400,723.406657,1.3959843828879492
2016-07-05,722.799988,728.099976,729.559998,719.609985,2431400,725.756653,0.3329231777596142
2016-07-06,725.710022,737.609985,737.77002,722.580017,3938200,732.6533406666667,1.2976840860103422
2016-07-07,739.330017,736.570007,739.549988,731.630005,2945800,735.9166666666666,-0.1410924280844661
2016-07-08,740.140015,745.809998,746.099976,738.0,3429200,743.3033246666668,1.246658837624981
2016-07-11,750.0,753.780029,755.900024,747.0,3195300,752.2266843333333,1.0629713323476508
2016-07-12,756.859985,748.210022,757.340027,740.330017,5623700,748.6266886666666,-0.7416870078587934
2016-07-13,746.76001,742.630005,756.869995,741.25,4142300,746.9166666666666,-0.7485770379235923
2016-07-14,748.859985,741.200012,749.039978,739.02002,2390500,743.08667,-0.19274356581542307
2016-07-15,746.549988,735.440002,746.549988,734.049988,3121400,738.6799926666666,-0.7801548326207275
2016-07-18,735.48999,736.070007,741.599976,728.719971,2954900,735.4633180000001,0.0856270136988968
2016-07-19,732.5,739.950012,743.330017,732.309998,2216800,738.5300090000001,0.5257400153220182
2016-07-20,744.0,745.719971,746.25,740.700012,2214000,744.2233276666666,0.7767523173500379
2016-07-21,747.5,744.429993,749.359985,742.789978,2317100,745.526652,-0.17313402723138083
2016-07-22,747.789978,744.859985,751.280029,743.530029,2277700,746.556681,0.05774456530298622
2016-07-25,746.549988,739.609985,748.5,735.349976,2679300,741.1533203333333,-0.7073261156714139
2016-07-26,742.710022,735.590027,743.130005,732.75,2529700,737.1566773333334,-0.5450064964432677
2016-07-27,737.969971,736.669983,740.940002,733.859985,2913100,737.1566566666667,0.14670726452719052
2016-07-28,745.97998,752.609985,753.359985,739.700012,7617600,748.5566606666667,2.1407137767704754
2016-07-29,765.0,758.809998,766.0,755.0,6777100,759.936666,0.8204268630315426
2016-08-01,759.869995,767.73999,770.5,757.059998,3578200,765.0999959999999,1.1699707096065382
2016-08-02,763.809998,760.580017,765.01001,757.02002,3603300,760.8700156666667,-0.9369798668032558
2016-08-03,757.059998,754.640015,758.890015,752.25,3581500,755.26001,-0.7840488250938193
2016-08-04,753.700012,760.77002,765.0,750.349976,3178200,758.7066653333333,0.8090270347584472
2016-08-05,764.809998,765.97998,768.469971,763.090027,2704400,765.8466593333333,0.6824929062601903
2016-08-08,766.809998,766.559998,767.0,761.02002,1986300,764.8600059999999,0.07569368969422285
2016-08-09,767.390015,768.309998,772.599976,766.900024,1876100,769.2699993333332,0.22803244090718877
2016-08-10,769.799988,768.559998,772.099976,766.190002,1604300,768.949992,0.03253365643880457
2016-08-11,769.940002,771.23999,773.75,769.119995,2019700,771.369995,0.3480964705849132
2016-08-12,768.460022,772.559998,773.150024,768.419983,1563300,771.3766683333333,0.17100768648043996
2016-08-15,771.900024,768.48999,772.039978,767.710022,2118500,769.41333,-0.5282135550152667
2016-08-16,768.619995,764.039978,768.72998,763.820007,1604600,765.5299883333333,-0.5807422497084325
2016-08-17,764.409973,764.630005,765.219971,759.200012,1891100,763.0166626666665,0.07719482110086773
2016-08-18,764.0,764.460022,765.169983,760.599976,1458800,763.4099936666667,-0.02223322338101852
2016-08-19,761.900024,757.309998,762.48999,756.890015,2343200,758.8966676666665,-0.9397052801610961
2016-08-22,757.5,759.47998,759.849976,752.099976,1679300,757.1433106666667,0.2861284043189194
2016-08-23,763.309998,762.450012,764.700012,761.0,1524100,762.7166746666667,0.39029860583514875
2016-08-24,763.0,757.25,763.409973,755.359985,1744100,758.6733193333333,-0.6843498392411718
2016-08-25,756.0,759.219971,760.559998,754.73999,1623000,758.1733196666668,0.2598102363783994
2016-08-26,760.049988,769.0,770.0,759.799988,2776800,766.2666626666665,1.2799417234513832
2016-08-29,768.719971,771.289978,774.97998,768.599976,2198600,771.6233113333334,0.2973439702802061
2016-08-30,771.049988,767.580017,771.840027,765.559998,1709200,768.3266806666667,-0.48216785039194576
2016-08-31,766.599976,769.159973,769.640015,764.0,1633800,767.5999959999999,0.20562444746294872
2016-09-01,770.900024,770.619995,772.039978,766.75,1792300,769.8033243333333,0.18964039900568608
2016-09-02,774.109985,772.440002,776.0,771.700012,2181800,773.3800046666667,0.23589592725095088
2016-09-06,774.039978,788.869995,789.47998,770.219971,3719800,782.8566486666667,2.1047196964659065
2016-09-07,789.530029,784.47998,790.789978,784.330017,2424600,786.533325,-0.5580482998054137
2016-09-08,783.890015,784.059998,786.5,781.440002,2030500,784.0,-0.053550692481785234
2016-09-09,779.359985,760.140015,781.0,760.109985,4257300,767.0833333333334,-3.0982898908286316
2016-09-12,757.349976,771.48999,772.659973,756.0,3124700,766.7166543333333,1.4821050419256743
2016-09-13,768.77002,761.01001,769.890015,759.049988,3117200,763.3166709999999,-1.3677185474231912
2016-09-14,762.200012,761.090027,767.5,758.849976,2523000,762.4800009999999,0.010514026427799195
2016-09-15,762.0,769.690002,770.869995,757.580017,3034000,766.0466713333334,1.1236187194962
2016-09-16,773.280029,778.52002,780.460022,771.659973,5499200,776.880005,1.1406868084655741
2016-09-19,779.969971,775.099976,781.940002,771.0,2297200,776.0133259999999,-0.4402684740425933
2016-09-20,776.0,780.219971,781.369995,776.0,1937200,779.1966553333333,0.6583871703981004
2016-09-21,783.25,789.73999,790.690002,779.01001,2718600,786.4800006666668,1.2127870677049124
2016-09-22,794.27002,804.700012,805.890015,794.27002,4078900,801.6200156666667,1.876578735972867
2016-09-23,803.130005,805.75,807.75,802.119995,2353500,805.206665,0.13039686310705179
2016-09-26,801.799988,799.159973,805.929993,797.150024,2651400,800.7466633333333,-0.8212378449274915
2016-09-27,801.849976,816.109985,816.640015,801.109985,3819600,811.2866616666666,2.098798917429523
2016-09-28,818.0,828.719971,830.140015,817.030029,4422100,825.2966716666666,1.5333175335553229
2016-09-29,828.26001,829.049988,837.5,824.630005,4922200,830.3933309999999,0.039814571686225264
2016-09-30,832.609985,837.309998,839.950012,832.400024,4430600,836.5533446666667,0.9913917428085561
2016-10-03,836.0,836.73999,839.859985,831.25,2769400,835.9499916666667,-0.06809928330868686
2016-10-04,840.909973,834.030029,842.369995,830.26001,2950300,835.5533446666667,-0.32439693622317023
2016-10-05,838.0,844.359985,845.669983,836.119995,3469100,842.0499876666667,1.2309518467184866
2016-10-06,843.700012,841.659973,847.210022,840.599976,2684000,843.156657,-0.32028260344958426
2016-10-07,845.789978,839.429993,845.950012,837.450012,2426200,840.943339,-0.2653018402440033
2016-10-10,843.25,841.710022,845.200012,840.27002,1827100,842.3933513333335,0.2712481265819022
2016-10-11,841.02002,831.0,841.289978,828.349976,3588200,833.5466513333334,-1.28057681463698
2016-10-12,834.0,834.090027,837.669983,830.099976,2380400,833.9533286666666,0.37115477207088077
2016-10-13,829.0,829.280029,831.799988,821.210022,3091400,827.430013,-0.5783453164666774
2016-10-14,835.080017,822.960022,835.73999,822.960022,2999800,827.2200113333333,-0.7650265855946969
2016-10-17,821.5,812.950012,822.0,811.679993,3361500,815.543335,-1.2238001752924
2016-10-18,822.109985,817.650024,823.26001,815.02002,2512500,818.6433513333333,0.5764779728192337
2016-10-19,820.400024,817.690002,820.669983,815.169983,2090700,817.8433226666666,0.004889258426032939
2016-10-20,813.98999,810.320007,815.710022,803.099976,3152000,809.7100016666667,-0.9054054097967779
2016-10-21,809.359985,818.98999,819.419983,809.0,2793000,815.8033243333333,1.0642621539051156
2016-10-24,824.950012,838.090027,838.299988,822.210022,4060900,832.8666790000001,2.3053663943243485
2016-10-25,839.299988,835.179993,843.090027,833.219971,3248400,837.1633303333333,-0.3478263399324
2016-10-26,832.76001,822.590027,833.440002,820.0,3998100,825.343343,-1.518933013119561
2016-10-27,831.23999,818.359985,831.719971,815.429993,7406400,821.8366496666667,-0.5155612710595392
2016-10-28,782.0,776.320007,789.48999,774.609985,10841100,780.1399940000001,-5.273750392575316
2016-10-31,781.030029,789.820007,793.700012,780.109985,5413300,787.876668,1.72402649287271
2016-11-01,799.0,785.409973,800.840027,776.710022,5305400,787.6533406666667,-0.5599240209681611
2016-11-02,783.929993,765.559998,784.75,763.549988,5026500,771.286662,-2.559825049417075
2016-11-03,765.049988,767.030029,777.0,764.0,3872500,769.343343,0.191836228205311
2016-11-04,762.789978,755.049988,766.0,753.22998,5122100,758.0933226666666,-1.5741995510648366
2016-11-07,771.640015,784.929993,787.72998,770.940002,5984400,781.1999916666667,3.8810576585025736
2016-11-08,784.969971,787.75,791.73999,779.099976,3412600,786.1966553333333,0.3586247723547764
2016-11-09,764.0,771.880005,777.5,760.090027,8562900,769.823344,-2.035167663153814
2016-11-10,778.809998,742.380005,778.830017,717.700012,12747000,746.3033446666667,-3.8967855816811614
2016-11-11,735.72998,739.01001,743.26001,728.900024,6622800,737.0566813333334,-0.4549782001040725
2016-11-14,745.51001,719.070007,746.0,710.099976,7321300,725.056661,-2.7352746030188335
2016-11-15,730.0,743.23999,746.780029,725.98999,6755800,738.6700030000001,3.3060273752144376
2016-11-16,739.880005,746.48999,749.869995,735.609985,3648800,743.98999,0.4363213736255922
2016-11-17,749.320007,756.400024,757.5,748.0,3690100,753.9666746666667,1.3188160867340315
2016-11-18,761.0,760.159973,767.73999,757.640015,4373400,761.8466593333333,0.49585334062269837
2016-11-21,766.0,780.0,780.349976,765.109985,4614600,775.1533203333333,2.576501776386486
2016-11-22,788.169983,785.330017,792.400024,781.0,5311300,786.243347,0.6810113575499877
2016-11-23,781.72998,780.119995,781.75,773.119995,3540300,778.3299966666667,-0.665628566402976
2016-11-25,786.5,780.369995,786.75,777.900024,1837100,781.6733396666667,0.03204121830204798
2016-11-28,776.98999,766.77002,777.0,764.23999,4438800,769.33667,-1.7581246919220028
2016-11-29,768.0,762.52002,769.890015,761.320007,3272300,764.5766806666667,-0.5558148984312616
2016-11-30,762.0,750.570007,768.090027,750.25,4625900,756.3033446666667,-1.5795836671752106
2016-12-01,752.409973,743.650024,753.369995,738.030029,4666000,745.0166826666667,-0.9262400890990286
2016-12-02,743.400024,740.340027,748.48999,736.700012,3561300,741.843343,-0.446094970362676
2016-12-05,745.0,759.359985,761.48999,742.0,4314700,754.283325,2.5366376885695985
2016-12-06,763.98999,764.719971,768.23999,757.25,3794700,763.4033203333333,0.7033762339207605
2016-12-07,764.549988,770.419983,770.419983,755.820007,3684900,765.5533243333333,0.7426082787909571
2016-12-08,771.869995,767.330017,773.789978,765.190002,3189600,768.7699990000001,-0.4018819910665883
2016-12-09,770.0,768.659973,770.25,765.340027,2470900,768.0833333333334,0.1731725259959127
2016-12-12,766.400024,760.119995,766.890015,757.200012,2963900,761.4033406666667,-1.1172394995084822
2016-12-13,764.960022,774.340027,782.460022,762.0,5285300,772.9333496666667,1.853477951500082
2016-12-14,778.25,768.820007,780.859985,762.809998,5454800,770.8299966666667,-0.7154207499518783
2016-12-15,766.280029,761.0,769.099976,760.309998,3801900,763.4699913333334,-1.0223523129043954
2016-12-16,765.0,757.77002,765.130005,754.0,4848200,758.966675,-0.4253421949458769
2016-12-19,758.890015,766.0,770.5,756.159973,3113200,764.2199909999999,1.080223382836376
2016-12-20,768.650024,771.219971,774.390015,767.710022,2703600,771.1066693333332,0.6791469226673286
2016-12-21,770.0,770.599976,771.219971,765.700012,2044600,769.1733196666668,-0.08042379197705785
2016-12-22,768.119995,766.340027,771.210022,763.02002,2543600,766.8566896666667,-0.5543430323322163
2016-12-23,764.549988,760.590027,766.5,757.98999,1981600,761.693339,-0.753148733280451
2016-12-27,763.400024,771.400024,774.650024,761.200012,2638700,769.0833533333334,1.4112593495023695
2016-12-28,776.25,772.130005,780.0,770.5,3301000,774.2100016666667,0.09458592197209015
2016-12-29,772.400024,765.150024,773.400024,760.849976,3158300,766.4666746666667,-0.9081011702668285
2016-12-30,766.469971,749.869995,767.400024,748.280029,4139400,755.1833493333334,-2.0172072898201776
2017-01-03,757.919983,753.669983,758.76001,747.700012,3521100,753.3766683333333,0.5054732360306957
2017-01-04,758.390015,757.179993,759.679993,754.200012,2510500,757.0199993333332,0.4646412775059616
2017-01-05,761.549988,780.450012,782.400024,760.26001,5830100,774.3700153333333,3.0269695139558905
2017-01-06,782.359985,795.98999,799.440002,778.47998,5986200,791.303324,1.9715918608261163
2017-01-09,798.0,796.919983,801.77002,791.77002,3446100,796.8200076666667,0.11676656200654278
2017-01-10,796.599976,795.900024,798.0,789.539978,2558400,794.4800006666668,-0.12806960421487545
2017-01-11,793.659973,799.02002,799.5,789.51001,2992800,796.01001,0.39124218064259253
2017-01-12,800.309998,813.640015,814.130005,799.5,4873900,809.0900066666667,1.8132024397186974
2017-01-13,814.320007,817.140015,821.650024,811.400024,3791900,816.730021,0.4292430995670671
2017-01-17,815.700012,809.719971,816.0,803.440002,3670500,809.7199909999999,-0.9121984087101964
2017-01-18,809.5,807.47998,811.72998,804.27002,2354200,807.8266600000001,-0.2770210858715316
2017-01-19,810.0,809.039978,813.51001,807.320007,2540800,809.956665,0.19300701813813603
2017-01-20,815.280029,808.330017,816.02002,806.26001,3376200,810.203349,-0.08779203865474372
2017-01-23,806.799988,817.880005,818.5,805.080017,2797500,813.8200073333334,1.1745220673574863
2017-01-24,822.0,822.440002,823.98999,814.5,2971700,820.3099973333334,0.5559901393969113
2017-01-25,825.789978,836.52002,837.419983,825.289978,3922600,833.0766603333333,1.6974919112692
2017-01-26,835.530029,839.150024,843.840027,833.0,3586300,838.6633503333333,0.31390501596764153
2017-01-27,839.0,835.77002,839.700012,829.440002,2998700,834.9700113333333,-0.4036023809397271
2017-01-30,833.0,830.380005,833.5,816.380005,3747300,826.7533366666667,-0.6470046180659494
2017-01-31,823.75,823.47998,826.98999,819.559998,3137200,823.3433226666666,-0.834419491056515
2017-02-01,829.210022,832.349976,833.780029,824.940002,3850200,830.3566690000001,1.0713758152059327
2017-02-02,836.590027,839.950012,842.48999,828.26001,7350500,836.9000040000001,0.9089383936792927
2017-02-03,806.719971,810.200012,818.299988,804.0,10868800,810.8333333333334,-3.6061234963040256
2017-02-06,809.799988,807.640015,810.719971,803.0,3897300,807.1199953333333,-0.31647123249429754
2017-02-07,809.309998,812.5,816.159973,807.5,3466100,812.0533243333333,0.5999480949087754
2017-02-08,812.690002,819.710022,821.47998,812.5,2858000,817.8966673333334,0.8834731804651774
2017-02-09,821.599976,821.359985,825.0,819.710022,2484900,822.0233356666668,0.20108387197712574
2017-02-10,823.820007,827.460022,828.0,822.849976,2429600,826.1033326666666,0.7399309573373536
2017-02-13,831.619995,836.530029,843.0,828.549988,4172600,836.0266723333334,1.0901623866990562
2017-02-14,837.0,836.390015,838.309998,831.450012,2792400,835.3833416666666,-0.01673887533701901
2017-02-15,834.0,842.700012,842.809998,832.820007,2968900,839.443339,0.7516007602941244
2017-02-16,841.840027,844.140015,845.0,839.380005,2714700,842.8400066666667,0.1707338368490241
2017-02-17,842.0,845.070007,847.27002,840.72998,3112300,844.3566690000001,0.1101097059393652
2017-02-21,848.840027,856.440002,857.97998,847.25,3507700,853.8899940000001,1.336479266008972
2017-02-22,856.950012,855.609985,858.429993,852.179993,2617000,855.406657,-0.09696177930917926
2017-02-23,857.570007,852.190002,860.859985,848.0,3462000,853.6833290000001,-0.400513830393745
2017-02-24,844.690002,845.23999,845.809998,837.75,3688000,842.9333293333333,-0.8188910141427641
2017-02-27,842.380005,848.640015,852.5,839.669983,2713600,846.936666,0.40144869249605364
2017-02-28,851.450012,845.039978,854.090027,842.049988,2793700,847.0599976666666,-0.425114831209239
2017-03-01,853.049988,853.080017,854.830017,849.01001,2760100,852.3066813333334,0.9469412176547287
2017-03-02,853.080017,848.909973,854.820007,847.280029,2132100,850.3366696666667,-0.4900207837612136
2017-03-03,847.200012,849.880005,851.98999,846.27002,1941100,849.380005,0.11420271110509361
2017-03-06,845.22998,846.609985,848.48999,841.119995,2610400,845.4066566666667,-0.3855046677583296
2017-03-07,845.47998,846.02002,848.460022,843.75,2247600,846.0766806666667,-0.06970986242098576
2017-03-08,848.0,850.5,853.070007,846.789978,2286500,850.119995,0.52813882070879
2017-03-09,851.0,853.0,856.400024,850.309998,2048200,853.2366740000001,0.2935135655762977
2017-03-10,857.0,852.460022,857.349976,851.719971,2436400,853.843323,-0.06332344482755659
2017-03-13,851.77002,854.590027,855.690002,851.710022,1909700,853.9966836666666,0.24955403113935404
2017-03-14,853.549988,852.530029,853.75,847.549988,2130600,851.2766723333334,-0.24134201840668723
2017-03-15,854.330017,852.969971,854.450012,847.109985,2562200,851.5099893333332,0.0515909715342211
2017-03-16,855.299988,853.419983,855.5,850.51001,1842300,853.1433309999999,0.05274433424524716
2017-03-17,853.48999,852.309998,853.830017,850.640015,3384400,852.26001,-0.13014781577895818
2017-03-20,851.51001,856.969971,857.799988,851.01001,2282700,855.2599896666667,0.5452570239861565
2017-03-21,858.840027,843.200012,862.799988,841.309998,4382900,849.1033326666666,-1.6198686292000275
2017-03-22,840.429993,848.059998,849.369995,839.049988,2658700,845.493327,0.5747193628966585
2017-03-23,848.200012,847.380005,850.890015,844.799988,1953000,847.6900026666666,-0.08021434379958947
2017-03-24,851.679993,845.609985,851.799988,843.530029,2138300,846.9800006666668,-0.20909995397175862
2017-03-27,838.070007,846.820007,850.299988,833.5,2755800,843.5399983333333,0.14299229059941965
2017-03-28,851.75,856.0,858.460022,850.099976,3041600,854.8533326666666,1.0782210565897898
2017-03-29,859.049988,874.320007,876.440002,859.02002,4485800,869.9266763333335,2.1176073232898496
2017-03-30,874.950012,876.340027,877.059998,871.659973,2762700,875.0199993333332,0.23077249234599861
2017-03-31,877.0,886.539978,890.349976,876.650024,3957600,884.5133259999999,1.157204664604805
2017-04-03,888.0,891.51001,893.48999,885.419983,3422300,890.1399943333332,0.5590444562975527
2017-04-04,891.5,906.830017,908.539978,890.280029,4984700,901.8833413333333,1.7038354695722902
2017-04-05,910.820007,909.280029,923.719971,905.619995,7508400,912.8733316666667,0.2698089239330237
2017-04-06,913.799988,898.280029,917.190002,894.48999,6344100,903.3200069999999,-1.2171253447916364
2017-04-07,899.650024,894.880005,900.090027,889.309998,3710900,894.76001,-0.3792219333641711
2017-04-10,899.630005,907.039978,908.51001,899.0,3184300,904.8499959999999,1.349688966065532
2017-04-11,907.039978,902.359985,911.23999,897.5,3012700,903.6999916666667,-0.5172989424129248
2017-04-12,903.090027,896.22998,904.090027,895.25,2456100,898.5233356666666,-0.6816482750235053
2017-04-13,891.450012,884.669983,894.969971,884.48999,3174600,888.0433146666668,-1.2982379248657416
2017-04-17,887.5,901.98999,902.380005,887.5,2854700,897.2899983333333,1.9388747541817075
2017-04-18,900.98999,903.780029,909.609985,900.780029,2999200,904.7233476666667,0.19825775901631815
2017-04-19,907.840027,899.200012,910.5,897.369995,2870200,902.3566690000001,-0.5080507545610402
2017-04-20,899.700012,902.059998,905.320007,896.289978,2814400,901.2233276666666,0.3175541995579678
2017-04-21,902.669983,898.530029,903.650024,896.77002,2420500,899.6500243333334,-0.3920907557414921
2017-04-24,908.679993,907.409973,909.98999,903.820007,3122900,907.0733233333334,0.9834230989460124
2017-04-25,907.039978,907.619995,909.47998,903.0,3380600,906.6999916666667,0.02314253810018485
2017-04-26,910.299988,909.289978,915.75,907.559998,2608900,910.8666586666667,0.18382677128618852
2017-04-27,914.390015,918.380005,921.859985,912.109985,5305500,917.4499916666667,0.9947202762953467
2017-04-28,948.830017,924.98999,949.590027,924.330017,7364700,932.9700113333333,0.7171662063185202
2017-05-01,927.799988,948.22998,954.400024,927.799988,5466500,943.4766639999999,2.4814151938087115
2017-05-02,946.650024,946.940002,950.099976,941.409973,3848800,946.1499836666667,-0.13613324519381464
2017-05-03,946.0,941.030029,946.0,935.900024,3582700,940.9766843333333,-0.6260684446227849
2017-05-04,944.75,937.530029,945.0,934.219971,2418400,938.9166666666666,-0.3726262607250952
2017-05-05,940.52002,934.150024,940.789978,930.299988,2866400,935.0799966666667,-0.3611737667268855
2017-05-08,940.950012,949.039978,949.049988,939.210022,3415700,945.7666626666665,1.581387357387598
2017-05-09,952.799988,952.820007,957.890015,950.200012,3262100,953.636678,0.3975091759937044
2017-05-10,953.5,948.950012,953.75,945.0,2096500,949.2333373333335,-0.40698931029803376
2017-05-11,945.109985,947.619995,950.289978,940.780029,2194100,946.2300006666668,-0.14025500910790356
2017-05-12,954.5,961.349976,962.789978,951.530029,3625900,958.556661,1.438494891604769
2017-05-15,958.72998,957.969971,963.150024,956.059998,4270600,959.0599976666666,-0.35220896853553896
2017-05-16,961.0,966.070007,970.059998,960.909973,3126100,965.6799926666666,0.8419870633016302
2017-05-17,954.700012,944.76001,960.400024,944.119995,5145600,949.7600096666666,-2.2305365032038615
2017-05-18,944.799988,958.48999,962.75,944.76001,3939300,955.3333333333334,1.4428181460943712
2017-05-19,962.840027,959.840027,968.919983,959.719971,3972100,962.8266603333333,0.14075130044526318
2017-05-22,964.0,970.669983,971.380005,962.900024,2642200,968.3166706666667,1.121990516035698
2017-05-23,975.02002,971.539978,975.200012,966.849976,2415600,971.1966553333333,0.08958815737312165
2017-05-24,976.0,980.349976,981.0,970.22998,2446000,977.1933186666666,0.902720751181807
2017-05-25,984.849976,993.380005,999.0,982.109985,4822000,991.4966633333333,1.3203648346536312
2017-05-26,995.0,995.780029,998.650024,989.25,3469200,994.5600176666667,0.24131041480854876
2017-05-30,996.51001,996.700012,1001.200012,995.52002,3263100,997.8066813333335,0.09234552381425232
2017-05-31,1000.0,994.619995,1000.119995,982.159973,3913100,992.2999876666667,-0.2089084375357153
2017-06-01,998.590027,995.950012,998.98999,991.369995,2454800,995.4366656666667,0.13363179322958274
2017-06-02,998.98999,1006.72998,1008.47998,995.669983,3752300,1003.6266476666666,1.0765646192712808
2017-06-05,1007.22998,1011.340027,1013.210022,1003.51001,2719900,1009.353353,0.45687761109123315
2017-06-06,1012.0,1003.0,1016.5,1001.25,3346400,1006.9166666666666,-0.8280701911769661
2017-06-07,1005.950012,1010.070007,1010.25,1002.0,2823000,1007.4400023333334,0.7024133332660831
2017-06-08,1012.059998,1010.27002,1013.609985,1006.109985,2767900,1009.9966633333333,0.019799934464526103
2017-06-09,1012.5,978.309998,1012.98999,927.0,7647700,972.7666626666665,-3.2146329459092904
2017-06-12,967.0,964.909973,975.950012,945.0,9447200,961.9533283333334,-1.379178642113299
2017-06-13,977.98999,980.789978,984.5,966.099976,4580000,977.1299846666667,1.6323542181491568
2017-06-14,988.590027,976.469971,990.340027,966.710022,3974900,977.8400066666667,-0.441434876072222
2017-06-15,958.700012,964.169983,965.72998,950.859985,5373900,960.2533159999999,-1.2676388200844713
2017-06-16,996.0,987.710022,999.75,982.0,11472700,989.8200073333334,2.4121544689372776
2017-06-19,1017.0,995.169983,1017.0,989.900024,5043400,1000.6900023333334,0.752440508519836
2017-06-20,998.0,992.590027,1004.880005,992.02002,4076800,996.4966840000001,-0.25958440010391826
2017-06-21,998.700012,1002.22998,1002.719971,992.650024,2922500,999.1999916666667,0.96650605145161
2017-06-22,1002.22998,1001.299988,1006.960022,997.200012,2253400,1001.8200073333334,-0.09283535376516383
2017-06-23,1002.539978,1003.73999,1004.619995,998.02002,2879100,1002.1266683333333,0.2433869879167716
2017-06-26,1008.5,993.97998,1009.799988,992.0,3386200,998.5933226666666,-0.9771226999831129
2017-06-27,990.690002,976.780029,998.799988,976.0,3782400,983.8600056666668,-1.7455588352882856
2017-06-28,978.549988,990.330017,990.679993,969.210022,3737600,983.4066773333334,1.3776760828959844
2017-06-29,979.0,975.929993,987.559998,965.25,4303000,976.2466636666667,-1.4647382727875247
2017-06-30,980.119995,968.0,983.469971,967.609985,3390300,973.026652,-0.8158768080298806
2017-07-03,972.789978,953.659973,974.48999,951.0,2909100,959.7166543333333,-1.4924901793727408
2017-07-05,961.530029,971.400024,975.0,955.25,3653000,967.2166746666667,1.843116913540399
2017-07-06,964.659973,965.140015,974.400024,959.02002,3259600,966.1866863333333,-0.646517054002782
2017-07-07,969.549988,978.76001,980.109985,969.140015,2643400,976.0033366666667,1.4013290505268117
2017-07-10,985.0,996.469971,999.440002,983.5,3546300,993.1366576666666,1.7932530144656234
2017-07-11,993.0,994.130005,995.98999,983.719971,2982700,991.2799886666667,-0.23510168853775326
2017-07-12,1000.650024,1006.51001,1008.549988,998.099976,3608600,1004.386658,1.2376202542810688
2017-07-13,1004.619995,1000.630005,1006.880005,995.900024,2880800,1001.136678,-0.5859104773284329
2017-07-14,1002.400024,1001.809998,1004.450012,996.890015,2102500,1001.0500083333333,0.1178555297352446
2017-07-17,1004.690002,1010.039978,1014.75,1003.809998,3712600,1009.5333253333333,0.8181550320518483
2017-07-18,1006.0,1024.449951,1026.030029,1004.0,4007600,1018.1599933333333,1.4165923132494207
2017-07-19,1025.0,1026.869995,1031.589966,1022.5,2964000,1026.9866536666666,0.23595004060350533
2017-07-20,1031.589966,1028.699951,1034.969971,1022.52002,3097500,1028.7299806666667,0.1780485735349835
2017-07-21,1021.280029,1025.670044,1026.099976,1011.0,2734600,1020.9233399999999,-0.2949721037857955
2017-07-24,1028.339966,1038.949951,1043.01001,1027.430054,3288000,1036.4633383333332,1.2864440116696407
2017-07-25,1038.050049,1039.869995,1043.329956,1032.47998,2447600,1038.5599770000001,0.08851599310872871
2017-07-26,1043.199951,1052.800049,1053.199951,1043.199951,2921300,1049.733317,1.235762759963066
2017-07-27,1069.550049,1046.0,1083.310059,1040.180054,10991700,1056.4967043333334,-0.647996248873639
2017-07-28,1012.140015,1020.039978,1032.849976,1001.0,7709400,1017.9633180000001,-2.5131544996973787
2017-07-31,1019.049988,987.780029,1019.049988,987.02002,7352100,997.9500123333333,-3.21370693811458
2017-08-01,996.109985,996.190002,1006.400024,991.580017,4572600,998.056681,0.8477974204749827
2017-08-02,1001.77002,995.890015,1003.210022,981.72998,4070000,993.6100056666666,-0.030117967120535383
2017-08-03,999.469971,986.919983,999.5,984.590027,3255800,990.33667,-0.904785955522236
2017-08-04,989.679993,987.580017,991.669983,982.0,2730300,987.0833333333334,0.06685581408802932
2017-08-07,990.650024,992.27002,995.0,987.140015,2676600,991.4700116666667,0.47377444605265495
2017-08-08,994.349976,989.840027,996.280029,985.789978,2902800,990.636678,-0.24519266436220377
2017-08-09,982.599976,982.01001,988.0,975.27002,3569700,981.76001,-0.7941839397655137
2017-08-10,976.299988,956.919983,979.859985,954.679993,5684100,963.819987,-2.588172615815054
2017-08-11,960.0,967.98999,970.390015,951.380005,3468000,963.2533366666667,1.1501970686968122
2017-08-14,978.409973,983.299988,985.5,976.190002,3172900,981.66333,1.569250326828886
2017-08-15,988.900024,982.73999,991.73999,982.0,2549300,985.4933266666667,-0.056967103559557586
2017-08-16,981.650024,978.179993,986.460022,973.219971,3132100,979.286662,-0.4650883523241056
2017-08-17,977.840027,960.570007,977.840027,960.320007,3512400,966.243347,-1.8166829474037804
2017-08-18,961.400024,958.469971,965.429993,954.650024,3284800,959.5166626666665,-0.21886327146480866
2017-08-21,957.570007,953.289978,961.200012,945.460022,3164500,953.3166706666667,-0.5419096345511853
2017-08-22,955.52002,966.900024,967.929993,955.5,2750000,963.443339,1.4175965821823233
2017-08-23,959.380005,958.0,962.0,954.200012,2668300,958.0666706666667,-0.9247324340235785
2017-08-24,957.419983,952.450012,959.0,941.140015,5195700,950.8633423333334,-0.5810153187066902
2017-08-25,956.0,945.26001,957.619995,944.099976,3324800,948.993327,-0.7577592277762335
2017-08-28,946.539978,946.02002,953.0,942.25,2596700,947.0900066666667,0.08036991126161297
2017-08-29,940.0,954.059998,956.0,936.330017,2874300,948.7966716666666,0.846282883740912
2017-08-30,958.440002,967.590027,969.409973,956.909973,2904600,964.6366576666666,1.4081911281680348
2017-08-31,974.700012,980.599976,981.0,972.76001,3331500,978.1199953333333,1.3356133004584159
2017-09-01,984.200012,978.25,984.5,976.880005,2535900,979.8766683333333,-0.23993436517990574
2017-09-05,975.400024,965.27002,976.77002,960.369995,2883200,967.4700116666667,-1.335738542052134
2017-09-06,968.320007,967.799988,971.840027,960.599976,2129900,966.7466636666667,0.26175662899614593
2017-09-07,974.0,979.469971,980.590027,972.549988,2566800,977.536662,1.1986137476378111
2017-09-08,979.099976,965.900024,979.880005,963.469971,2605300,969.75,-1.395124540379733
2017-09-11,974.460022,977.960022,981.940002,974.219971,2186700,978.0399983333333,1.2408457866161626
2017-09-12,983.27002,982.580017,984.669983,975.52002,2481100,980.9233399999999,0.47129907676586313
2017-09-13,983.969971,999.599976,1000.0,979.419983,3374700,993.006653,1.7173392284830058
2017-09-14,996.799988,992.210022,998.559998,987.73999,3913300,992.83667,-0.742037434912568
2017-09-15,993.01001,986.789978,996.25,984.030029,3760200,989.0233356666668,-0.5477572058430802
2017-09-18,990.400024,974.190002,992.789978,968.169983,3411300,978.3833209999999,-1.2850870003573434
2017-09-19,977.25,969.859985,978.23999,967.460022,2671100,971.8533323333335,-0.4454642822253163
2017-09-20,971.789978,973.210022,974.809998,962.159973,2888800,970.0599976666666,0.3448193124559573
2017-09-21,971.309998,964.650024,971.700012,962.02002,2337600,966.1233520000001,-0.8834542713898053
2017-09-22,961.01001,955.099976,965.609985,954.419983,2641800,958.376648,-0.9949344216038547
2017-09-25,949.309998,939.789978,949.419983,932.890015,5124000,940.699992,-1.6159599271635905
2017-09-26,945.48999,938.599976,948.630005,931.75,3564800,939.6599936666667,-0.12670448504783494
2017-09-27,948.0,950.869995,955.299988,943.299988,3148900,949.8233236666666,1.298797194026946
2017-09-28,951.859985,956.400024,959.700012,950.099976,2522600,955.4000040000001,0.5798910947683922
2017-09-29,960.109985,961.349976,964.830017,958.380005,2543800,961.5199993333332,0.5162260975180466
2017-10-02,964.0,959.190002,967.309998,952.119995,2442900,959.5399983333333,-0.22493412638615595
2017-10-03,958.0,957.099976,963.690002,950.369995,2666600,957.0533243333333,-0.2181326263480443
2017-10-04,954.210022,965.450012,967.789978,954.049988,2527400,962.4299926666666,0.8686472191874017
2017-10-05,970.0,980.849976,981.51001,969.640015,3229200,977.3333336666666,1.5825191888836798
2017-10-06,975.640015,989.580017,995.75,975.640015,3782100,986.9900106666668,0.886110966029996
2017-10-09,993.23999,990.98999,998.5,987.5,2938600,992.3299966666667,0.1423805503678821
2017-10-10,996.669983,987.200012,997.950012,980.099976,3084900,988.4166666666666,-0.3831768064085139
2017-10-11,991.27002,995.0,995.5,986.700012,2337100,992.4000040000001,0.7870071851877825
2017-10-12,996.809998,1000.929993,1008.440002,992.400024,4067300,1000.5900063333333,0.5942102647980008
2017-10-13,1007.0,1002.940002,1007.77002,1001.030029,2431500,1003.9133503333333,0.20061278217955447
2017-10-16,1008.440002,1006.340027,1009.570007,1001.039978,2008900,1005.6500040000001,0.33843249284846166
2017-10-17,1005.590027,1009.130005,1011.469971,1004.380005,2319700,1008.3266603333333,0.27685648883784
2017-10-18,1009.27002,997.0,1022.309998,996.549988,2499700,1005.286662,-1.2093087483393106
2017-10-19,990.0,986.609985,991.049988,980.23999,3108200,985.9666543333333,-1.0475960597155165
2017-10-20,993.530029,982.909973,994.619995,982.0,2365100,986.5099893333332,-0.37572773383356406
2017-10-23,986.72998,966.299988,986.780029,962.5,3494100,971.8600056666668,-1.7043199439588541
2017-10-24,969.0,975.900024,979.849976,965.0,2723900,973.5833333333334,0.988581415334
2017-10-25,978.0,972.909973,984.440002,966.23999,3033100,974.5299883333333,-0.3068594014668413
2017-10-26,980.330017,972.429993,982.900024,968.549988,5618700,974.6266683333333,-0.049346645638159714
2017-10-27,1058.140015,1100.949951,1105.579956,1050.550049,16565000,1085.6933186666668,12.413059165472795
2017-10-30,1095.01001,1110.849976,1122.790039,1093.560059,6613100,1109.0666913333332,0.8952067494282012
2017-10-31,1109.0,1105.280029,1110.540039,1101.119995,3477000,1105.6466876666666,-0.5026743662104316
2017-11-01,1105.400024,1103.680054,1108.969971,1096.73999,3755500,1103.130005,-0.14486230802548405
2017-11-02,1097.810059,1094.219971,1101.939941,1086.869995,3684900,1094.3433023333334,-0.860834552180112
2017-11-03,1091.150024,1111.599976,1112.680054,1088.52002,3751500,1104.2666833333333,1.575864312394959
2017-11-06,1109.150024,1120.660034,1125.410034,1108.77002,3381100,1118.2800293333332,0.8117430504196221
2017-11-07,1124.73999,1123.170044,1130.599976,1117.5,2689000,1123.7566733333333,0.22372559059249397
2017-11-08,1122.819946,1132.880005,1135.540039,1119.109985,2581500,1129.1766763333333,0.8607983640364303
2017-11-09,1125.959961,1129.130005,1129.619995,1115.77002,3732700,1124.8400066666666,-0.33156382322596656
2017-11-10,1126.099976,1125.349976,1131.75,1124.060059,2179900,1127.053345,-0.3353352058167225
2017-11-13,1123.0,1129.170044,1139.900024,1122.339966,2918400,1130.4700113333333,0.3388811473777231
2017-11-14,1130.109985,1136.839966,1138.0,1123.890015,3138400,1132.9099936666667,0.6769565233102348
2017-11-15,1127.01001,1126.689941,1131.75,1121.630005,3928700,1126.689982,-0.8968375456890776
2017-11-16,1130.160034,1137.290039,1138.160034,1130.050049,2213300,1135.1667073333333,0.9364195401121655
2017-11-17,1138.280029,1129.880005,1138.800049,1125.810059,2413400,1131.4967043333334,-0.6536836886702702
2017-11-20,1129.77002,1126.310059,1133.420044,1122.550049,2163900,1127.4267173333333,-0.31645817754935024
2017-11-21,1132.859985,1139.48999,1140.0,1128.199951,2479400,1135.896647,1.1633930065704234
2017-11-22,1141.0,1156.160034,1160.27002,1141.0,3555300,1152.4766846666666,1.4523413274444508
2017-11-24,1160.699951,1186.0,1186.839966,1160.699951,3528000,1177.846639,2.548210219070146
2017-11-27,1202.660034,1195.829956,1213.410034,1191.150024,6744000,1200.1300046666668,0.8254167587236516
2017-11-28,1204.880005,1193.599976,1205.339966,1188.52002,4559400,1195.8199873333333,-0.18665378026501145
2017-11-29,1194.800049,1161.27002,1194.800049,1145.189941,9257500,1167.08667,-2.74596793197599
2017-11-30,1167.099976,1176.75,1178.569946,1160.0,4509200,1171.7733153333334,1.324215025875386
2017-12-01,1172.050049,1162.349976,1179.650024,1152.0,4107100,1164.6666666666667,-1.2312604051008869
2017-12-04,1173.849976,1133.949951,1175.199951,1128.0,5931900,1145.716634,-2.473672783715486
2017-12-05,1128.26001,1141.569946,1159.27002,1124.73999,4079800,1141.8599853333333,0.6697391214168569
2017-12-06,1137.98999,1152.349976,1155.890015,1136.079956,2853300,1148.106649,0.9398854122236955
2017-12-07,1156.589966,1159.790039,1163.189941,1151.0,2511600,1157.9933266666667,0.6435673126214958
2017-12-08,1170.400024,1162.0,1172.790039,1157.099976,3050100,1163.9633383333332,0.19036705561479295
2017-12-11,1164.599976,1168.920044,1169.900024,1157.0,2363500,1165.273356,0.5937624800591124
2017-12-12,1166.51001,1165.079956,1173.599976,1161.609985,2235900,1166.7633056666666,-0.32905668080411843
2017-12-13,1170.0,1164.130005,1170.869995,1160.27002,2616800,1165.0900066666666,-0.08156852053495811
2017-12-14,1163.709961,1174.26001,1177.930054,1162.449951,3214300,1171.5466716666667,0.8664139261878034
2017-12-15,1179.030029,1179.140015,1182.75,1169.329956,4778600,1177.0733236666667,0.4147201446875748
2017-12-18,1187.369995,1190.579956,1194.780029,1180.910034,2947600,1188.756673,0.9655174460627691
2017-12-19,1189.150024,1187.380005,1192.969971,1179.140015,2587800,1186.4966636666666,-0.2691342986429923
2017-12-20,1190.5,1177.619995,1191.0,1176.0,2371200,1181.5399983333334,-0.8253755101817362
2017-12-21,1175.900024,1174.76001,1179.170044,1167.640015,2123100,1173.8566896666666,-0.24315683716622516
2017-12-22,1172.079956,1168.359985,1174.619995,1167.829956,1585100,1170.2699786666667,-0.5462836670555582
2017-12-26,1168.359985,1176.76001,1178.319946,1160.550049,2005200,1171.8766683333333,0.7163864486809501
2017-12-27,1179.910034,1182.26001,1187.290039,1175.609985,1867200,1181.7200113333333,0.4662961669681387
2017-12-28,1189.0,1186.099976,1190.099976,1184.380005,1841700,1186.8599856666667,0.3242724406384845
2017-12-29,1182.349976,1169.469971,1184.0,1167.5,2688400,1173.656657,-1.4119963891220166
2018-01-02,1172.0,1189.01001,1190.0,1170.51001,2694500,1183.17334,1.657040658507558
2018-01-03,1188.300049,1204.199951,1205.48999,1188.300049,3108800,1199.3299966666666,1.2694368844727855
2018-01-04,1205.0,1209.589966,1215.869995,1204.660034,3022100,1210.0399983333334,0.446602574719801
2018-01-05,1217.51001,1229.140015,1229.140015,1210.0,3544700,1222.76001,1.603331894639748
2018-01-08,1236.0,1246.869995,1253.079956,1232.030029,4279500,1243.9933266666667,1.4321657002057009
2018-01-09,1256.900024,1252.699951,1259.329956,1241.76001,3661300,1251.2633056666666,0.4664775699550816
2018-01-10,1245.150024,1254.329956,1254.329956,1237.22998,2686000,1248.629964,0.13003476545137005
2018-01-11,1259.73999,1276.680054,1276.77002,1256.459961,3125000,1269.9700116666666,1.766147022433362
2018-01-12,1273.390015,1305.199951,1305.76001,1273.390015,5443700,1294.7833253333333,2.2093247563542917
2018-01-16,1323.0,1304.859985,1339.939941,1292.300049,7220700,1312.3666583333334,-0.026050436408198152
2018-01-17,1312.23999,1295.0,1314.0,1280.880005,5253800,1296.6266683333333,-0.758504867930565
2018-01-18,1293.949951,1293.319946,1304.599976,1284.02002,4026900,1293.9799806666667,-0.12981812689281114
2018-01-19,1312.0,1294.579956,1313.0,1292.98999,4578500,1300.189982,0.09737703522381125
2018-01-22,1297.170044,1327.310059,1327.449951,1296.660034,4140100,1317.1400146666667,2.4968097929398247
2018-01-23,1338.089966,1362.540039,1364.900024,1337.339966,5169300,1354.9266763333333,2.619625138129855
2018-01-24,1374.819946,1357.51001,1388.160034,1338.0,6807500,1361.223348,-0.3698486897754094
2018-01-25,1368.0,1377.949951,1378.339966,1357.619995,4753000,1371.303304,1.4944705255097723
2018-01-26,1392.01001,1402.050049,1402.530029,1380.910034,4857300,1395.1633706666664,1.7338634360537952
2018-01-29,1409.180054,1417.680054,1431.390015,1400.439941,5701900,1416.5033366666667,1.1086284511963918
2018-01-30,1403.170044,1437.819946,1439.25,1392.0,5871900,1423.0233153333331,1.410626927917047
2018-01-31,1451.300049,1450.890015,1472.579956,1450.040039,6424700,1457.83667,0.9049131525947551
2018-02-01,1445.0,1390.0,1459.880005,1385.140015,9113800,1411.67334,-4.287342443787079
2018-02-02,1477.390015,1429.949951,1498.0,1414.0,11125700,1447.3166503333334,2.8335697216026468
2018-02-05,1402.619995,1390.0,1458.97998,1320.719971,11495000,1389.899983666667,-2.8335697216026468
2018-02-06,1361.459961,1442.839966,1443.98999,1351.790039,11066800,1412.8733316666667,3.730962282596284
2018-02-07,1449.0,1416.780029,1460.98999,1415.150024,7162700,1430.9733476666668,-1.8226658431226284
2018-02-08,1429.680054,1350.5,1433.75,1349.939941,8578600,1378.0633136666668,-4.79118172868036
2018-02-09,1373.48999,1339.599976,1383.5,1265.930054,14141500,1329.6766766666667,-0.8103850228416754
2018-02-12,1364.670044,1386.22998,1393.810059,1344.01001,6738900,1374.6833496666666,3.421677371654397
2018-02-13,1385.930054,1414.51001,1419.719971,1383.530029,5917900,1405.9200033333334,2.0195370701333815
2018-02-14,1406.25,1451.050049,1452.060059,1403.359985,5959200,1435.490031,2.5504277630806094
2018-02-15,1466.890015,1461.76001,1468.939941,1436.839966,5652700,1455.846639,0.7353729935611675
2018-02-16,1457.369995,1448.689941,1465.800049,1446.560059,4472600,1453.6833496666666,-0.8981536931605305
2018-02-20,1446.48999,1468.349976,1488.77002,1446.48999,6499200,1467.8699953333332,1.3479645973728083
2018-02-21,1485.0,1482.920044,1503.48999,1478.920044,6304400,1488.4433593333333,0.9873841616705015
2018-02-22,1495.359985,1485.339966,1502.540039,1475.76001,4858100,1487.880005,0.16305327215198062
2018-02-23,1495.339966,1500.0,1500.0,1486.5,4418100,1495.5,0.9821428721404679
2018-02-26,1509.199951,1521.949951,1522.839966,1507.0,4955000,1517.2633056666666,1.452726708499874
2018-02-27,1524.5,1511.97998,1526.780029,1507.209961,4808800,1515.3233233333333,-0.6572338264222211
2018-02-28,1519.51001,1512.449951,1528.699951,1512.0,4515000,1517.716634,0.031078319849076053
2018-03-01,1513.599976,1493.449951,1518.48999,1465.0,6835200,1492.3133136666668,-1.26419732301839
2018-03-02,1469.099976,1500.25,1501.050049,1455.01001,6587600,1485.4366863333332,0.45429139902370963
2018-03-05,1494.23999,1523.609985,1525.380005,1481.0,5233900,1509.9966633333333,1.5450748270716907
2018-03-06,1533.199951,1537.640015,1542.130005,1528.0,4561700,1535.92334,0.9166274060683932
2018-03-07,1526.52002,1545.0,1545.900024,1522.51001,4174100,1537.8033446666668,0.47751271308227317
2018-03-08,1550.0,1551.859985,1554.880005,1545.25,3862600,1550.66333,0.443029149110874
2018-03-09,1563.5,1578.890015,1578.939941,1559.079956,4534300,1572.303304,1.726787616183767
2018-03-12,1592.599976,1598.390015,1605.329956,1586.699951,5174200,1596.8066406666667,1.2274804018113095
2018-03-13,1615.959961,1588.180054,1617.540039,1578.01001,6531900,1594.576701,-0.6408141492336483
2018-03-14,1597.0,1591.0,1606.439941,1590.890015,4259400,1596.1099853333333,0.1774008827218232
2018-03-15,1595.0,1582.319946,1596.910034,1578.109985,4069700,1585.7799883333334,-0.5470658991737487
2018-03-16,1583.449951,1571.680054,1589.439941,1567.5,5425000,1576.206665,-0.6746945061351539
2018-03-19,1554.530029,1544.930054,1561.660034,1525.349976,6580800,1543.9800213333335,-1.7166508469591335
2018-03-20,1550.339966,1586.51001,1587.0,1545.410034,4581600,1572.9733480000002,2.6558004674529734
2018-03-21,1586.449951,1581.859985,1590.0,1563.170044,4750800,1578.3433429999998,-0.2935281135730605
2018-03-22,1565.469971,1544.920044,1573.849976,1542.400024,6320600,1553.7233480000002,-2.3629202817523343
2018-03-23,1539.01001,1495.560059,1549.02002,1495.359985,8006000,1513.3133546666668,-3.2471399459991446
2018-03-26,1530.0,1555.859985,1556.98999,1499.25,5624700,1537.3666583333334,3.9527679679987493
2018-03-27,1572.400024,1497.050049,1575.969971,1482.319946,6999600,1518.4466553333332,-3.853190002988427
2018-03-28,1447.0,1431.420044,1455.900024,1386.170044,13705300,1424.496704,-4.482954844612497
2018-03-29,1406.0,1447.339966,1455.469971,1365.199951,12581100,1422.6699626666668,1.106037616005029
2018-04-02,1417.619995,1371.98999,1421.359985,1355.0,10463600,1382.783325,-5.346513209957138
2018-04-03,1391.380005,1392.050049,1414.0,1355.329956,10231200,1387.1266683333333,1.4515282648540406
2018-04-04,1358.23999,1410.569946,1415.390015,1352.880005,6982300,1392.9466553333332,1.3216323730410373
2018-04-05,1441.98999,1451.75,1459.560059,1427.069946,6413500,1446.1266683333333,2.8775885532360768
2018-04-06,1429.969971,1405.22998,1452.5,1400.26001,5882300,1419.3299966666666,-3.256874904680096
2018-04-09,1425.030029,1406.079956,1438.47998,1402.569946,4208200,1415.7099606666668,0.06046832581603212
2018-04-10,1431.98999,1436.219971,1438.380005,1415.699951,4254100,1430.0999756666668,2.12089825609425
2018-04-11,1439.439941,1427.050049,1448.780029,1424.890015,3582500,1433.5733643333333,-0.6405231282495372
2018-04-12,1439.5,1448.5,1452.119995,1435.060059,3135000,1445.2266846666669,1.4919127467439175
2018-04-13,1449.140015,1430.790039,1459.780029,1424.52002,3685300,1438.3633626666667,-1.230177168830604
2018-04-16,1445.0,1441.5,1447.0,1427.47998,2808600,1438.6599933333334,0.7457471557358097
2018-04-17,1462.300049,1503.829956,1507.189941,1457.02002,5114400,1489.346639,4.233091986921966
2018-04-18,1514.650024,1527.839966,1533.800049,1504.109985,5227500,1521.9166666666667,1.583979300057603
2018-04-19,1543.219971,1556.910034,1568.52002,1539.060059,6523700,1554.8300376666666,1.8848158584980013
2018-04-20,1561.199951,1527.48999,1561.199951,1516.089966,5541600,1534.9266356666667,-1.9077250700443749
2018-04-23,1546.689941,1517.859985,1548.0,1503.410034,4465400,1523.0900063333331,-0.6324420626649285
2018-04-24,1535.800049,1460.089966,1539.5,1448.449951,7494700,1482.6799723333334,-3.8803383854280504
2018-04-25,1458.0,1460.170044,1469.98999,1415.02002,6587300,1448.3933513333334,0.005484306174530218
2018-04-26,1485.01001,1517.959961,1529.420044,1478.5,8801100,1508.6266683333333,3.8814405041280864
2018-04-27,1634.01001,1572.619995,1638.099976,1567.390015,13053200,1592.7033286666665,3.537571263444317
2018-04-30,1582.5,1566.130005,1596.0,1560.939941,5464100,1574.3566486666666,-0.41354037429410795
2018-05-01,1563.219971,1582.26001,1585.0,1552.180054,4572100,1573.146688,1.0246599722891325
2018-05-02,1580.97998,1569.680054,1588.5,1566.359985,4360300,1574.8466796666664,-0.7982399755516845
2018-05-03,1560.01001,1572.079956,1574.800049,1546.02002,4251900,1564.3000083333334,0.1527743977352003
2018-05-04,1562.449951,1580.949951,1584.900024,1562.189941,3443600,1576.0133053333332,0.5626345870789251
2018-05-07,1589.339966,1600.140015,1606.949951,1587.829956,3801900,1598.3066406666667,1.206523361224754
2018-05-08,1595.0,1592.390015,1596.880005,1582.51001,3067900,1590.5933433333332,-0.48550930770927536
2018-05-09,1600.0,1608.0,1608.0,1592.0,3637300,1602.6666666666667,0.9755129041853827
2018-05-10,1608.47998,1609.079956,1615.599976,1603.439941,2817500,1609.3732909999999,0.06713889958209762
2018-05-11,1610.98999,1602.910034,1611.099976,1597.890015,2263900,1603.966675,-0.38418112185665265
2018-05-14,1604.0,1601.540039,1611.180054,1600.050049,2509500,1604.2567139999999,-0.08550578428501154
2018-05-15,1587.800049,1576.119995,1587.800049,1565.219971,5077500,1576.380005,-1.5999563194524669
2018-05-16,1577.5,1587.280029,1594.430054,1576.670044,2570600,1586.1267090000001,0.7055750277671358
2018-05-17,1580.560059,1581.76001,1594.040039,1573.0,2147600,1582.9333496666666,-0.3483720315796468
2018-05-18,1581.329956,1574.369995,1583.589966,1572.099976,2642600,1576.6866456666667,-0.46829683781464126
2018-05-21,1585.0,1585.459961,1592.050049,1575.0,2925200,1584.1700033333334,0.7019372364594822
2018-05-22,1589.890015,1581.400024,1589.890015,1575.25,2115600,1582.180013,-0.2564015613862658
2018-05-23,1571.050049,1601.859985,1601.859985,1566.339966,3361900,1590.0199786666665,1.2854898870594766
2018-05-24,1598.030029,1603.069946,1608.23999,1588.380005,3430000,1599.8966470000003,0.07550624091852143
2018-05-25,1603.0,1610.150024,1614.119995,1600.449951,2698400,1608.23999,0.44068501529421766
2018-05-29,1600.709961,1612.869995,1621.790039,1600.150024,3846500,1611.6033526666668,0.1687840366916049
2018-05-30,1618.099976,1624.890015,1626.0,1612.930054,2907400,1621.2733563333331,0.742493278342149
2018-05-31,1623.0,1629.619995,1635.0,1621.349976,3166300,1628.6566570000002,0.2906725323189363
2018-06-01,1637.030029,1641.540039,1646.72998,1635.089966,3313400,1641.119995,0.728799363956778
2018-06-04,1648.900024,1665.27002,1665.680054,1645.48999,3187700,1658.8133546666668,1.4352435080839498
2018-06-05,1672.98999,1696.349976,1699.0,1670.060059,4782200,1688.4700116666666,1.849158539751361
2018-06-06,1704.51001,1695.75,1714.5,1686.469971,5473200,1698.9066570000002,-0.03537490112330843
2018-06-07,1698.560059,1689.300049,1699.900024,1676.109985,3765700,1688.436686,-0.38108498914102285
2018-06-08,1681.119995,1683.98999,1689.439941,1673.01001,2955100,1682.1466470000003,-0.3148299330695714
2018-06-11,1681.51001,1689.119995,1694.23999,1680.589966,2335500,1687.9833170000002,0.30417086771805657
2018-06-12,1693.0,1698.75,1699.51001,1691.52002,2259200,1696.5933433333332,0.5685006184089403
2018-06-13,1702.810059,1704.859985,1713.75,1700.119995,3327500,1706.2433266666667,0.3590300645608835
2018-06-14,1713.47998,1723.859985,1724.800049,1708.869995,3174400,1719.1766763333333,1.1082966617328438
2018-06-15,1714.0,1715.969971,1720.869995,1708.52002,4777600,1715.1199953333332,-0.4587452250748747
2018-06-18,1706.26001,1723.790039,1726.73999,1702.560059,3107700,1717.696696,0.4546876206473094
2018-06-19,1709.040039,1734.780029,1736.109985,1700.390015,4290100,1723.7600096666665,0.6355243221078055
2018-06-20,1742.5,1750.079956,1762.930054,1741.359985,4332600,1751.456665,0.8780855111607089
2018-06-21,1760.0,1730.219971,1763.099976,1717.560059,4941100,1736.9600019999998,-1.1412924740809238
2018-06-22,1742.619995,1715.670044,1743.0,1711.900024,4075100,1723.523356,-0.8444850767828527
2018-06-25,1702.51001,1663.150024,1705.0,1646.310059,7511200,1671.4866943333334,-3.1090291515759816
2018-06-26,1672.369995,1691.089966,1701.569946,1663.339966,4386600,1685.333292666667,1.6659862329614583
2018-06-27,1708.109985,1660.51001,1711.949951,1660.0,4872200,1677.4866536666668,-1.8248481218558155
2018-06-28,1672.540039,1701.449951,1705.5,1661.170044,4529700,1689.3733316666667,2.435600977083663
2018-06-29,1717.0,1699.800049,1723.410034,1694.319946,4543500,1705.8433429999998,-0.09701739827487899
2018-07-02,1682.699951,1713.780029,1713.890015,1678.060059,3185700,1701.9100343333332,0.819084822397631
2018-07-03,1723.959961,1693.959961,1725.0,1692.47998,2177300,1703.8133136666668,-1.1632513956070234
2018-07-05,1705.380005,1699.72998,1710.689941,1682.150024,2983100,1697.5233150000001,0.34004429751757215
2018-07-06,1696.0,1710.630005,1715.27002,1691.670044,2650300,1705.8566896666664,0.6392323487337315
2018-07-09,1724.050049,1739.02002,1739.560059,1716.22998,3012000,1731.6033529999997,1.6460021029577554
2018-07-10,1738.530029,1743.069946,1750.0,1731.0,3002900,1741.3566486666666,0.2326147724907912
2018-07-11,1737.98999,1755.0,1756.959961,1734.0,3209800,1748.6533203333336,0.6820961523614777
2018-07-12,1764.51001,1796.619995,1798.0,1762.180054,4532700,1785.600016333333,2.3438262188658854
2018-07-13,1803.930054,1813.030029,1815.300049,1795.22998,4383200,1807.8533526666668,0.9092375684050857
2018-07-16,1821.949951,1822.48999,1841.949951,1814.449951,5466200,1826.2966306666667,0.5204197639635311
2018-07-17,1811.560059,1843.930054,1851.689941,1797.380005,5682900,1831.0,1.1695500314521823
2018-07-18,1848.0,1842.920044,1858.880005,1831.27002,4861900,1844.3566896666664,-0.05478986117788409
2018-07-19,1829.459961,1812.969971,1841.0,1811.27002,4676900,1821.7466636666668,-1.6384925652364934
2018-07-20,1825.01001,1813.699951,1834.839966,1810.060059,3884400,1819.533325333333,0.04025621440923999
2018-07-23,1812.209961,1802.0,1819.0,1769.98999,3888500,1796.9966633333333,-0.6471771438498308
2018-07-24,1829.01001,1829.23999,1840.0,1809.380005,4278700,1826.206665,1.5003415392828678
2018-07-25,1829.300049,1863.609985,1863.839966,1822.640015,3738200,1850.0299886666664,1.8614884276598964
2018-07-26,1839.0,1808.0,1844.680054,1804.5,9924400,1819.0600180000001,-3.029419688558921
2018-07-27,1876.050049,1817.27002,1880.050049,1806.530029,9681000,1834.6166993333334,0.5114123997971731
2018-07-30,1827.329956,1779.219971,1829.5,1766.02002,6562300,1791.579997,-2.1160336249092637
2018-07-31,1786.48999,1777.439941,1801.829956,1739.319946,5738700,1772.863281,-0.10009560613957191
2018-08-01,1784.0,1797.170044,1798.439941,1776.02002,4153100,1790.543335,1.1039136267028127
2018-08-02,1788.77002,1834.329956,1836.560059,1786.0,4354700,1818.9633383333332,2.046603830578153
2018-08-03,1837.73999,1823.290039,1841.0,1821.5,3460500,1828.5966796666664,-0.6036685353351778
2018-08-06,1825.810059,1847.75,1847.77002,1818.920044,3391800,1838.146688,1.3326099805933467
2018-08-07,1854.530029,1862.47998,1869.719971,1846.27002,3377500,1859.4899903333335,0.7940239537658655
2018-08-08,1861.0,1886.52002,1891.51001,1854.5,3963000,1877.51001,1.2824950390299072
2018-08-09,1882.0,1898.52002,1914.569946,1877.47998,4860400,1896.8566486666666,0.6340773190540716
2018-08-10,1888.51001,1886.300049,1899.5,1878.209961,3639900,1888.0033366666667,-0.6457381455036604
2018-08-13,1898.5,1896.199951,1925.0,1893.670044,5531500,1904.956665,0.5234593314244584
2018-08-14,1919.390015,1919.650024,1921.01001,1900.0,3986100,1913.5533446666668,1.2291032597591567
2018-08-15,1909.550049,1882.619995,1916.209961,1869.790039,7700700,1889.5399983333334,-1.9478469233826345
2018-08-16,1903.939941,1886.52002,1905.0,1883.550049,3957100,1891.6900229999999,0.20694515864860819
2018-08-17,1885.800049,1882.219971,1888.0,1855.550049,4104300,1875.2566733333333,-0.22819567687077935
2018-08-20,1890.569946,1876.709961,1891.75,1866.060059,2862000,1878.17334,-0.2931692820105525
2018-08-21,1880.0,1883.420044,1897.75,1874.410034,3105600,1885.1933593333333,0.35690734703264226
2018-08-22,1876.640015,1904.900024,1905.800049,1876.640015,3080500,1895.7800293333332,1.1340229869271745
2018-08-23,1907.170044,1902.900024,1919.5,1900.76001,3563000,1907.7200113333336,-0.10504754234492708
2018-08-24,1910.51001,1905.390015,1916.01001,1902.540039,2800900,1907.9800213333335,0.13076689691819965
2018-08-27,1915.0,1927.680054,1927.699951,1909.280029,3569000,1921.5533446666668,1.1630515414840836
2018-08-28,1937.72998,1932.819946,1941.780029,1928.819946,3100700,1934.4733070000002,0.26628131263128907
2018-08-29,1953.449951,1998.099976,1998.689941,1948.939941,6531800,1981.9099526666669,3.32166685640507
2018-08-30,1997.420044,2002.380005,2025.569946,1986.900024,7277300,2004.9499916666666,0.21397585556535148
2018-08-31,2007.0,2012.709961,2022.380005,2004.73999,4204400,2013.2766519999998,0.5145577747759589
2018-09-04,2026.5,2039.51001,2050.5,2013.0,5721100,2034.33667,1.3227534513181816
2018-09-05,2038.109985,1994.819946,2040.380005,1989.890015,8220600,2008.363322,-2.2155794191899503
2018-09-06,2006.51001,1958.310059,2007.5,1935.209961,7488700,1967.0066733333333,-1.847190711170299
2018-09-07,1938.709961,1952.069946,1975.199951,1937.349976,4892600,1954.8732909999999,-0.31915661848138654
2018-09-10,1971.0,1939.01001,1973.040039,1931.52002,4544800,1947.8566896666664,-0.6712781638654519
2018-09-11,1928.27002,1987.150024,1988.880005,1917.0,5033600,1964.3433429999998,2.4523924785418316
2018-09-12,1994.0,1990.0,2000.0,1962.439941,4414000,1984.1466470000003,0.1433175248919838
2018-09-13,2000.0,1989.869995,2008.76001,1982.030029,3621500,1993.5533446666668,-0.006533127977004227
2018-09-14,1992.930054,1970.189941,1993.650024,1959.219971,3642000,1974.353312,-0.9939352603261398
2018-09-17,1954.72998,1908.030029,1956.819946,1887.410034,7050200,1917.420003,-3.2058643481521543
2018-09-18,1918.650024,1941.050049,1958.199951,1915.439941,4268700,1938.2299803333335,1.7157777644881023
2018-09-19,1940.5,1926.420044,1940.829956,1904.900024,4056800,1924.0500080000002,-0.7565708038162811
2018-09-20,1938.579956,1944.300049,1955.0,1932.25,3154900,1943.850016333333,0.9238659342948097
2018-09-21,1954.219971,1915.01001,1957.310059,1910.5,6855900,1927.6066896666664,-1.5179190548519905
2018-09-24,1903.790039,1934.359985,1936.880005,1865.0,4213700,1912.0799966666666,1.0053664890611103
2018-09-25,1942.900024,1974.550049,1975.910034,1938.849976,4538400,1963.1033529999997,2.0564034442672074
2018-09-26,1968.5,1974.849976,1995.25,1961.52002,4313500,1977.2066653333331,0.015188484259809343
2018-09-27,1993.23999,2012.97998,2016.160034,1988.579956,4329400,2005.9066566666668,1.912376730413179
2018-09-28,2004.410034,2003.0,2026.52002,1996.459961,4085100,2008.6599936666669,-0.4970144569326429
2018-10-01,2021.98999,2004.359985,2033.189941,2003.599976,3460500,2013.716634,0.0678743640352586
2018-10-02,1999.98999,1971.310059,2013.390015,1965.77002,5400700,1983.4900313333335,-1.662647402316697
2018-10-03,1981.699951,1952.76001,1989.699951,1949.810059,5253100,1964.0900066666666,-0.9454564701523616
2018-10-04,1949.0,1909.420044,1956.0,1896.569946,7257000,1920.66333,-2.244420753415266
2018-10-05,1917.98999,1889.650024,1929.079956,1862.829956,6822300,1893.853312,-1.0407914626953563
2018-10-08,1874.0,1864.420044,1902.0,1830.660034,7393200,1865.6933593333333,-1.344160306775688
2018-10-09,1859.98999,1870.319946,1896.680054,1852.319946,4772900,1873.1066486666666,0.3159473978732841
2018-10-10,1857.890015,1755.25,1858.560059,1754.410034,10988900,1789.4066976666666,-6.349821343399142
2018-10-11,1724.0,1719.359985,1755.400024,1685.099976,13935900,1719.9533283333333,-2.0659177081078006
2018-10-12,1808.0,1788.609985,1808.949951,1742.530029,9444600,1780.0299883333334,3.94866536587708
2018-10-15,1795.0,1760.949951,1795.050049,1734.22998,6437200,1763.4099933333334,-1.558536516636888
2018-10-16,1783.5,1819.959961,1823.880005,1761.550049,5859900,1801.7966716666667,3.296109306961803
2018-10-17,1842.790039,1831.72998,1845.0,1807.0,5295200,1827.9099933333334,0.6446363162985413
2018-10-18,1821.48999,1770.719971,1830.150024,1767.869995,5874000,1789.5799966666666,-3.387463740232999
2018-10-19,1785.160034,1764.030029,1809.099976,1753.0,5907200,1775.3766683333333,-0.37852464744823067
2018-10-22,1784.0,1789.300049,1809.5,1756.0,4500000,1784.9333496666666,1.4223528618352965
2018-10-23,1742.23999,1768.699951,1776.339966,1714.0,6723900,1753.0133056666666,-1.1579723546041976
2018-10-24,1773.699951,1664.199951,1777.709961,1656.560059,6928400,1699.4899903333335,-6.090028771403233
2018-10-25,1703.339966,1782.170044,1794.810059,1692.01001,10285700,1756.3300376666666,6.848724957559593
2018-10-26,1649.589966,1642.810059,1698.459961,1603.0,14963800,1648.0900066666666,-8.142352145214904
2018-10-29,1660.0,1538.880005,1665.73999,1495.0,13866100,1566.5399983333334,-6.53533438077849
2018-10-30,1486.160034,1530.420044,1540.98999,1476.359985,12460100,1515.9233396666666,-0.5512646068656757
2018-10-31,1569.98999,1598.01001,1623.910034,1565.089966,9390200,1595.6700033333334,4.32168751169435
2018-11-01,1623.530029,1665.530029,1670.449951,1598.439941,8135500,1644.8066403333335,4.138429710550895
2018-11-02,1678.589966,1665.530029,1697.439941,1651.829956,6955500,1671.5999753333333,0.0
2018-11-05,1657.569946,1627.800049,1658.089966,1596.359985,5624700,1627.4166666666667,-2.2913968497291215
2018-11-06,1618.349976,1642.810059,1665.0,1614.550049,4257400,1640.7867026666665,0.9178786151280427
2018-11-07,1673.0,1755.48999,1759.22998,1664.079956,8192200,1726.2666419999998,6.633978836685106
2018-11-08,1755.0,1754.910034,1784.0,1725.109985,6534900,1754.6733396666666,-0.03304216051223108
2018-11-09,1732.5,1712.430054,1743.920044,1701.869995,5902200,1719.4066976666666,-2.4504146985264263
2018-11-12,1698.23999,1636.849976,1708.550049,1630.01001,6806200,1658.4700116666666,-4.513979744459373
2018-11-13,1649.290039,1631.170044,1677.060059,1613.75,5933300,1640.6600343333332,-0.34760727807627845
2018-11-14,1656.319946,1599.01001,1673.0,1597.069946,6486900,1623.0266519999998,-1.991288172034622
2018-11-15,1581.01001,1619.439941,1624.819946,1546.51001,8427300,1596.923299,1.2695680044013002
2018-11-16,1587.5,1593.410034,1614.47998,1573.119995,6066100,1593.670003,-1.6203978868477797
2018-11-19,1577.01001,1512.290039,1581.189941,1503.359985,7790000,1532.2799883333334,-5.2251311073580275
2018-11-20,1437.5,1495.459961,1534.75,1420.0,10878800,1483.4033203333336,-1.1191258352939215
2018-11-21,1542.98999,1516.72998,1550.0,1515.0,5716800,1527.2433266666667,1.412286273455443
2018-11-23,1517.0,1502.060059,1536.199951,1501.810059,2707600,1513.3566896666664,-0.9719149917228442
2018-11-26,1539.0,1581.329956,1584.810059,1524.219971,6257700,1563.4533286666665,5.1428698713446686
2018-11-27,1575.98999,1581.420044,1597.650024,1558.01001,5783200,1579.0266926666666,0.00569681448263637
2018-11-28,1613.920044,1677.75,1681.449951,1601.219971,8458700,1653.4733073333334,5.913040463677266
2018-11-29,1674.98999,1673.569946,1689.98999,1652.329956,6613200,1671.9632973333335,-0.2494573024970137
2018-11-30,1679.5,1690.170044,1696.0,1666.5,5761800,1684.2233480000002,0.9870104593593609
2018-12-03,1769.459961,1772.359985,1778.339966,1730.0,6862300,1760.2333170000002,4.748284173138995
2018-12-04,1756.0,1668.400024,1770.339966,1665.0,8694500,1701.2466633333333,-6.044688563053224
2018-12-06,1614.869995,1699.189941,1701.050049,1609.849976,8789400,1670.0299886666664,1.8286534477635286
2018-12-07,1705.069946,1629.130005,1718.930054,1625.459961,7576100,1657.8400066666666,-4.210549913796502
2018-12-10,1623.839966,1641.030029,1657.98999,1590.869995,7494800,1629.9633380000002,0.7277978082962377
2018-12-11,1678.0,1643.23999,1679.469971,1619.599976,6244700,1647.4366456666667,0.13457854078753329
2018-12-12,1669.0,1663.540039,1704.98999,1660.27002,6598000,1676.2666829999998,1.2277988761886682
2018-12-13,1680.0,1658.380005,1692.119995,1641.5,5271300,1664.0,-0.31066600530751387
2018-12-14,1638.0,1591.910034,1642.569946,1585.0,6367200,1606.4933266666667,-4.09066507461775
2018-12-17,1566.0,1520.910034,1576.130005,1505.01001,8829800,1534.0166829999998,-4.562571223498235
2018-12-18,1540.0,1551.47998,1567.550049,1523.01001,6523000,1547.3466796666664,1.9900438897556327
2018-12-19,1543.050049,1495.079956,1584.530029,1483.180054,8792200,1520.930013,-3.702961349463685
2018-12-20,1484.0,1460.829956,1509.5,1432.689941,9991800,1467.673299,-2.317495046671958
2018-12-21,1464.98999,1377.449951,1480.0,1363.959961,13640300,1407.1366373333333,-5.877080904752763
2018-12-24,1346.0,1343.959961,1396.030029,1307.0,7220000,1348.9966633333333,-2.4613477437943843
2018-12-26,1368.890015,1470.900024,1473.160034,1363.01001,10411800,1435.6900226666667,9.025402392512039
2018-12-27,1454.199951,1461.640015,1469.0,1390.310059,9722000,1440.3166913333334,-0.6315371421326432
2018-12-28,1473.349976,1478.02002,1513.469971,1449.0,8829000,1480.1633303333335,1.1144264527427339
2018-12-31,1510.800049,1501.969971,1520.76001,1487.0,6954500,1503.2433270000001,1.6074192699853107
2019-01-02,1465.199951,1539.130005,1553.359985,1460.930054,7983100,1517.8066813333335,2.4439764507596884
2019-01-03,1520.01001,1500.280029,1538.0,1497.109985,6975600,1511.7966713333335,-2.5565548288750684
2019-01-04,1530.0,1575.390015,1594.0,1518.310059,9182600,1562.5666913333334,4.885109350962935
2019-01-07,1602.310059,1629.51001,1634.560059,1589.189941,7993200,1617.7533366666667,3.377649207112743
2019-01-08,1664.689941,1656.579956,1676.609985,1616.609985,8881400,1649.9333086666666,1.6475847362705132
2019-01-09,1652.97998,1659.420044,1667.800049,1641.400024,6348800,1656.2067056666667,0.17129606118553298
2019-01-10,1641.01001,1656.219971,1663.25,1621.619995,6507700,1647.0299886666664,-0.19302903687679063
2019-01-11,1640.550049,1640.560059,1660.290039,1636.219971,4686200,1645.6900229999999,-0.9500196942344274
2019-01-14,1615.0,1617.209961,1648.199951,1595.150024,6005900,1620.1866453333332,-1.4335264751868415
2019-01-15,1632.0,1674.560059,1675.160034,1626.01001,5998500,1658.576701,3.4848061258003327
2019-01-16,1684.219971,1683.780029,1705.0,1675.880005,6366900,1688.2200113333336,0.5490803743958494
2019-01-17,1680.0,1693.219971,1700.170044,1677.5,4208900,1690.2966716666667,0.5590741242637698
2019-01-18,1712.0,1696.199951,1716.199951,1691.540039,6020500,1701.3133136666668,0.17584016359224464
2019-01-22,1681.0,1632.170044,1681.869995,1610.199951,6416800,1641.41333,-3.847998131577235
2019-01-23,1656.0,1640.02002,1657.430054,1612.0,5225200,1636.4833580000002,0.47980043370845493
2019-01-24,1641.069946,1654.930054,1657.26001,1631.780029,4089900,1647.990031,0.9050295413120857
2019-01-25,1670.5,1670.569946,1683.47998,1661.609985,4945900,1671.8866370000003,0.9406108742322061
2019-01-28,1643.589966,1637.890015,1645.0,1614.089966,4837700,1632.3266603333334,-1.975601596727028
2019-01-29,1631.27002,1593.880005,1632.380005,1590.719971,4632800,1605.6599936666669,-2.723753890433489
2019-01-30,1623.0,1670.430054,1676.949951,1619.680054,5783800,1655.6866863333332,4.690981227951774
2019-01-31,1692.849976,1718.72998,1736.410034,1679.079956,10910300,1711.4066566666668,2.850452372287826
2019-02-01,1638.880005,1626.22998,1673.060059,1622.01001,11506200,1640.4333496666666,-5.532119412646441
2019-02-04,1623.0,1633.310059,1649.630005,1613.5,4929100,1632.146688,0.43442265166664384
2019-02-05,1643.339966,1658.810059,1665.26001,1642.5,4453100,1655.5233563333331,1.5491846638780338
2019-02-06,1670.75,1640.26001,1672.26001,1633.339966,3939900,1648.6199953333332,-1.1245741441417323
2019-02-07,1625.0,1614.369995,1625.540039,1592.910034,4626600,1610.9400226666667,-1.5909987360311462
2019-02-08,1586.0,1588.219971,1588.589966,1566.76001,5657500,1581.1899823333333,-1.6330910579476665
2019-02-11,1600.97998,1591.0,1609.290039,1586.0,3317300,1595.430013,0.17488753429670822
2019-02-12,1604.0,1638.01001,1639.400024,1598.880005,4858600,1625.430013,2.911934716766673
2019-02-13,1647.0,1640.0,1656.380005,1637.109985,3560300,1644.4966633333333,0.12141453127902935
2019-02-14,1624.5,1622.650024,1637.900024,1606.060059,4120500,1622.203369,-1.0635611799650668
2019-02-15,1627.859985,1607.949951,1628.910034,1604.5,4343900,1613.7866616666668,-0.9100584764074604
2019-02-19,1601.0,1627.579956,1634.0,1600.560059,3681700,1620.7133383333332,1.2134176732058854
2019-02-20,1630.0,1622.099976,1634.930054,1610.119995,3337600,1622.3833416666666,-0.33726307261439104
2019-02-21,1619.849976,1619.439941,1623.560059,1600.910034,3483400,1614.636678,-0.1641217239459536
2019-02-22,1623.5,1631.560059,1634.939941,1621.170044,3096200,1629.2233480000002,0.7456274470922786
2019-02-25,1641.449951,1633.0,1654.599976,1630.390015,3184500,1639.329997,0.0882165478568453
2019-02-26,1625.97998,1636.400024,1639.98999,1616.130005,2665800,1630.8400063333331,0.20799077511188813
2019-02-27,1628.180054,1641.089966,1641.810059,1615.099976,3148800,1632.6666670000002,0.2861912753605367
2019-02-28,1635.25,1639.829956,1651.77002,1633.829956,3025900,1641.8099773333333,-0.07680833984977653
2019-03-01,1655.130005,1671.72998,1674.26001,1651.0,4974900,1665.66333,1.9266455310887665
2019-03-04,1685.0,1696.170044,1709.430054,1674.359985,6167400,1693.3200276666666,1.4513787730844108
2019-03-05,1702.949951,1692.430054,1707.800049,1689.01001,3681500,1696.4133709999999,-0.22073962169981698
2019-03-06,1695.969971,1668.949951,1697.75,1668.280029,3996000,1678.32666,-1.3970741106836826
2019-03-07,1667.369995,1625.949951,1669.75,1620.51001,4957000,1638.7366536666668,-2.6102426603364037
2019-03-08,1604.01001,1620.800049,1622.719971,1586.569946,4667000,1610.0299886666664,-0.3172345464821369
2019-03-11,1626.119995,1670.619995,1672.290039,1626.01001,3876400,1656.3066813333335,3.0274927277519126
2019-03-12,1669.0,1673.099976,1684.27002,1660.97998,3614500,1672.783325333333,0.14833667150657703
2019-03-13,1683.0,1690.810059,1700.0,1679.349976,3552000,1690.053345,1.0529560210740918
2019-03-14,1691.199951,1686.219971,1702.0,1684.339966,2946600,1690.8533123333334,-0.27184187205184784
2019-03-15,1703.0,1712.359985,1718.800049,1693.130005,7550900,1708.0966796666664,1.5383207000649435
2019-03-18,1712.699951,1742.150024,1750.0,1712.630005,5429100,1734.9266763333333,1.7247469193524267
2019-03-19,1753.51001,1761.849976,1784.160034,1753.51001,6364200,1766.5066733333333,1.1244383313401052
2019-03-20,1769.939941,1797.27002,1799.5,1767.030029,6265600,1787.9333496666666,1.9904478325661223
2019-03-21,1796.26001,1819.26001,1823.75,1787.280029,5767800,1810.0966796666664,1.2160972437030182
2019-03-22,1810.170044,1764.77002,1818.97998,1763.109985,6363000,1782.2866616666668,-3.040944888518471
2019-03-25,1757.790039,1774.26001,1782.680054,1747.5,5103800,1768.146688,0.5363058615373006
2019-03-26,1793.0,1783.76001,1805.77002,1773.359985,4865900,1787.630005,0.5340061338586111
2019-03-27,1784.130005,1765.699951,1787.5,1745.680054,4324800,1766.293335,-1.0176316990532008
2019-03-28,1770.0,1773.420044,1777.930054,1753.469971,3043000,1768.2733563333331,0.4362725906923437
2019-03-29,1786.579956,1780.75,1792.859985,1776.630005,3320800,1783.41333,0.41247133938204783
2019-04-01,1800.109985,1814.189941,1815.670044,1798.72998,4238800,1809.5299883333334,1.8604430714352027
2019-04-02,1811.02002,1813.97998,1820.0,1805.119995,3448100,1813.033325,-0.011573934231634553
2019-04-03,1826.719971,1820.699951,1830.0,1809.619995,3926100,1820.1066486666666,0.36977003666942565
2019-04-04,1820.650024,1818.859985,1828.75,1804.199951,3623900,1817.2699786666665,-0.10110926535658038
2019-04-05,1829.0,1837.280029,1838.579956,1825.189941,3640500,1833.6833086666666,1.0076309868455091
2019-04-08,1833.22998,1849.859985,1850.199951,1825.109985,3752800,1841.7233070000002,0.6823719612342849
2019-04-09,1845.48999,1835.839966,1853.089966,1831.780029,3714400,1840.2366536666668,-0.760782853105102
2019-04-10,1841.0,1847.329956,1848.0,1828.810059,2964000,1841.380005,0.6239205638910228
2019-04-11,1848.699951,1844.069946,1849.949951,1840.310059,2654800,1844.7766519999998,-0.17662734648506984
2019-04-12,1848.400024,1843.060059,1851.5,1841.300049,3114400,1845.2867026666665,-0.05477902997093054
2019-04-15,1842.0,1844.869995,1846.849976,1818.900024,3724400,1836.8733316666667,0.09815458096067431
2019-04-16,1851.349976,1863.040039,1869.77002,1848.0,3044600,1860.2700196666665,0.9800771473400971
2019-04-17,1872.98999,1864.819946,1876.469971,1860.439941,2893500,1867.2432860000001,0.09549216668096605
2019-04-18,1868.790039,1861.689941,1870.819946,1859.47998,2749900,1863.9966223333333,-0.16798590804620872
2019-04-22,1855.400024,1887.310059,1888.420044,1845.640015,3373800,1873.7900393333332,1.3667920429084823
2019-04-23,1891.199951,1923.77002,1929.26001,1889.579956,4640400,1914.2033286666665,1.9134246790409648
2019-04-24,1925.0,1901.75,1929.689941,1898.160034,3675800,1909.8666583333334,-1.1512297979162867
2019-04-25,1917.0,1902.25,1922.449951,1900.310059,6099100,1908.33667,0.026288117922135257
2019-04-26,1929.0,1950.630005,1951.0,1898.0,8432600,1933.2100016666666,2.511500380940035
2019-04-29,1949.0,1938.430054,1956.339966,1934.089966,4021300,1942.9533286666665,-0.6274004944084588
2019-04-30,1930.099976,1926.52002,1935.709961,1906.949951,3506000,1923.0599773333333,-0.6163118007317614
2019-05-01,1933.089966,1911.52002,1943.640015,1910.550049,3117000,1921.9033613333334,-0.7816529382838944
2019-05-02,1913.329956,1900.819946,1921.550049,1881.869995,3962900,1901.41333,-0.5613403942090756
2019-05-03,1949.0,1962.459961,1964.400024,1936.0,6381600,1954.2866616666668,3.1913424820522174
2019-05-06,1917.97998,1950.550049,1959.0,1910.5,5417800,1940.0166829999998,-0.6087359218245325
2019-05-07,1939.98999,1921.0,1949.099976,1903.380005,5902100,1924.4933270000001,-1.5265525423420634
2019-05-08,1918.869995,1917.77002,1935.369995,1910.0,4078600,1921.0466716666667,-0.16828206667325318
2019-05-09,1900.0,1899.869995,1909.400024,1876.0,5308300,1895.0900063333331,-0.9377602972509891
2019-05-10,1898.0,1889.97998,1903.790039,1856.0,5718000,1883.2566729999999,-0.5219223724321154
2019-05-13,1836.560059,1822.680054,1846.540039,1818.0,5783400,1829.0733643333333,-3.6258261340362807
2019-05-14,1839.5,1840.119995,1852.439941,1815.75,4629100,1836.103312,0.9522809085929396
2019-05-15,1827.949951,1871.150024,1874.430054,1823.0,4692600,1856.1933593333333,1.6722443767874573
2019-05-16,1885.939941,1907.569946,1917.51001,1882.290039,4707800,1902.456665,1.9276924506289816
2019-05-17,1893.050049,1869.0,1910.530029,1867.329956,4736600,1882.2866616666668,-2.0426623969161284
2019-05-20,1852.689941,1858.969971,1867.780029,1835.540039,3798200,1854.0966796666664,-0.5380973172815828
2019-05-21,1874.790039,1857.52002,1879.0,1846.0,4005100,1860.8400066666666,-0.07802798215932327
2019-05-22,1851.780029,1859.680054,1871.48999,1851.0,2936600,1860.7233480000002,0.11621834714974355
2019-05-23,1836.589966,1815.47998,1844.0,1804.199951,4424300,1821.2266436666669,-2.4054574404277496
2019-05-24,1835.890015,1823.280029,1841.76001,1817.849976,3369700,1827.630005,0.4287208240103091
2019-05-28,1832.75,1836.430054,1849.27002,1827.349976,3200000,1837.68335,0.7186406188202987
2019-05-29,1823.119995,1819.189941,1830.0,1807.530029,4279000,1818.9066566666668,-0.9432184329257076
2019-05-30,1825.48999,1816.319946,1829.469971,1807.829956,3146900,1817.8732909999999,-0.15788682662991604
2019-05-31,1790.01001,1775.069946,1795.589966,1772.699951,4618800,1781.1199543333332,-2.2972618030828507
2019-06-03,1760.01001,1692.689941,1766.290039,1672.0,9098700,1710.32666,-4.752088372984886
2019-06-04,1699.23999,1729.560059,1730.819946,1680.890015,5679100,1713.7566733333333,2.154813039528669
2019-06-05,1749.599976,1738.5,1752.0,1715.25,4239800,1735.25,0.515559745218308
2019-06-06,1737.709961,1754.359985,1760.0,1726.130005,3689300,1746.8299966666666,0.9081437028114259
2019-06-07,1763.699951,1804.030029,1806.25,1759.48999,4808200,1789.9233396666666,2.7918957795138866
2019-06-10,1822.0,1860.630005,1884.869995,1818.0,5371000,1854.5,3.089207545158512
2019-06-11,1883.25,1863.699951,1893.699951,1858.0,4042700,1871.7999673333334,0.16485900720795144
2019-06-12,1853.97998,1855.319946,1865.0,1844.380005,2678300,1854.899983666667,-0.4506573997821839
2019-06-13,1866.719971,1870.300049,1883.089966,1862.219971,2795800,1871.8699953333332,0.8041713190947597
2019-06-14,1864.0,1869.670044,1876.0,1859.0,2851200,1868.2233480000002,-0.033690376676442924
2019-06-17,1876.5,1886.030029,1895.689941,1875.449951,2634300,1885.7233070000002,0.8712137902716854
2019-06-18,1901.349976,1901.369995,1921.670044,1899.790039,3895700,1907.610026,0.8100570198961599
2019-06-19,1907.839966,1908.790039,1919.579956,1892.469971,2895300,1906.9466553333332,0.38948775453011564
2019-06-20,1933.329956,1918.189941,1935.199951,1905.800049,3217200,1919.7299803333335,0.49124484331963814
2019-06-21,1916.099976,1911.300049,1925.949951,1907.579956,3933600,1914.9433186666665,-0.3598337873818025
2019-06-24,1912.660034,1913.900024,1916.859985,1901.300049,2283000,1910.686686,0.13593931563145034
2019-06-25,1911.839966,1878.27002,1916.390015,1872.420044,3012300,1889.0266929999998,-1.8791906533423663
2019-06-26,1892.47998,1897.829956,1903.800049,1887.319946,2441900,1896.3166503333334,1.0359953957324919
2019-06-27,1902.0,1904.280029,1911.23999,1898.040039,2141700,1904.5200193333333,0.3392894583835293
2019-06-28,1909.099976,1893.630005,1912.939941,1884.0,3037400,1896.8566486666666,-0.560837503785816
